MaterialTicker,ExchangeCode,MMBuy,MMSell,PriceAverage,AskCount,Ask,Supply,BidCount,Bid,Demand,FullTicker,OpenYesterday,CloseYesterday,HighYesterday,LowYesterday,TradedYesterday,TWAP7D,VWAP7D,Traded7D,AverageTraded7D,TWAP30D,VWAP30D,Traded30D,AverageTraded30D
"AAR","AI1","","",23000,14,23000,335,57,19000,263,"AAR.AI1",23000,23000,23000,23000,3,23000,23000,12,1.71,22318.18,22282.61,46,1.53
"AAR","CI1","","",30000,70,27900,89,4,20000,4,"AAR.CI1","","","","","",30000,30000,4,0.57,28870.83,22554.29,35,1.17
"AAR","CI2","","",20000,"","",0,"","",0,"AAR.CI2","","","","","","","","","","","","",""
"AAR","IC1","","",27500,3,27400,77,2,20000,21,"AAR.IC1",27500,27500,27500,27500,6,26425,26295.24,21,3,25503.57,24825,124,4.13
"AAR","NC1","","",22900,44,22900,196,1,17300,249,"AAR.NC1",22900,22900,22900,22900,7,22960,22959.26,27,3.86,21400,20884.47,103,3.43
"AAR","NC2","","",16200,"","",0,"","",0,"AAR.NC2","","","","","","","","","","","","",""
"ABH","AI1","","",58200,116,55500,2274,150,51900,754,"ABH.AI1",58200,58200,58200,58200,2,58683.33,58117.86,739,105.57,58183,57952.22,3824,127.47
"ABH","CI1","","",52000,296,52000,1399,277,48500,309,"ABH.CI1",53500,47500,53800,47500,147,49832.14,52663.88,479,68.43,51991.67,52518.5,2389,79.63
"ABH","CI2","","",55000,32,55000,32,"","",0,"ABH.CI2","","","","","",55000,55000,10,1.43,55000,55000,18,0.6
"ABH","IC1","","",56700,47,56700,679,12,51000,511,"ABH.IC1",56600,56700,56700,56600,55,53512.5,55497.21,359,51.29,54451.32,55448.56,2704,90.13
"ABH","NC1","","",47300,53,57500,572,5,47300,523,"ABH.NC1",52000,47300,57500,47300,617,51254.17,53106.9,1000,142.86,52605.77,51892.49,4392,146.4
"ABH","NC2","","",24111.88,27,65000,27,"","",0,"ABH.NC2","","","","","","","","","","","","",""
"ACS","AI1","","",140000,24,159000,25,7,140000,7,"ACS.AI1","","","","","","","","","",148625,149388.89,18,0.6
"ACS","CI1","","",150000,21,160000,127,3,150000,3,"ACS.CI1","","","","","",150000,150000,2,0.29,150357.14,150517.24,29,0.97
"ACS","CI2","","",74706.55,"","",0,"","",0,"ACS.CI2","","","","","","","","","","","","",""
"ACS","IC1","","",160000,1,190000,1,1,130000,6,"ACS.IC1","","","","","","","","","",160000,160000,2,0.07
"ACS","NC1","","",150000,12,169000,65,"","",0,"ACS.NC1","","","","","","","","","",150000,150000,10,0.33
"ACS","NC2","","",124000,"","",0,"","",0,"ACS.NC2","","","","","","","","","","","","",""
"ADE","AI1","","",68000,31,67900,985,4,53000,452,"ADE.AI1",68600,68000,68600,67800,68,73333.33,73594.81,462,66,67705,66193.62,2773,92.43
"ADE","CI1","","",59900,66,59900,1444,185,54500,650,"ADE.CI1",61800,50000,61900,50000,60,54607.14,59376.18,319,45.57,53529.46,57789.44,1923,64.1
"ADE","CI2","","",47000,"","",0,"","",0,"ADE.CI2","","","","","","","","","","","","",""
"ADE","IC1","","",52100,40,82800,895,10,52300,553,"ADE.IC1",60000,52100,60000,52100,50,64325,61188.61,202,28.86,78214.77,72601.06,1604,53.47
"ADE","NC1","","",59700,50,59700,82,1,46500,503,"ADE.NC1",59700,59700,59700,59700,180,57004.17,58184.1,918,131.14,57776.92,57958.82,3400,113.33
"ADE","NC2","","",21239.53,30,52000,66,"","",0,"ADE.NC2","","","","","","","","","","","","",""
"ADR","AI1",70000,"",161000,20,161000,80,28,72500,176,"ADR.AI1","","","","","","","","","",116150,128555.32,47,1.57
"ADR","CI1",70000,"",195000,"","",0,10,85000,115,"ADR.CI1","","","","","","","","","",147500,157000,5,0.17
"ADR","CI2","","",60000,"","",0,"","",0,"ADR.CI2","","","","","","","","","","","","",""
"ADR","IC1",70000,"",89595.99,7,92000,77,5,75000,179,"ADR.IC1","","","","","","","","","",84800,84176.47,17,0.57
"ADR","NC1",70000,"",79318.48,30,85000,70,100,70000,110,"ADR.NC1","","","","","","","","","",88291.67,74443.75,128,4.27
"ADR","NC2","","",29140.78,"","",0,"","",0,"ADR.NC2","","","","","","","","","","","","",""
"ADS","AI1","","",229500,7,230000,28,6,121000,27,"ADS.AI1",229000,230000,230000,229000,6,229083.33,230219.51,41,5.86,191793.48,188870.27,185,6.17
"ADS","CI1","","",250000,"","",0,6,125000,17,"ADS.CI1","","","","","",249750,249833.33,6,0.86,209300,204535.71,28,0.93
"ADS","CI2","","",250000,"","",0,"","",0,"ADS.CI2","","","","","","","","","","","","",""
"ADS","IC1","","",300000,"","",0,2,300000,30,"ADS.IC1",300000,300000,300000,300000,1,269666.67,265500,4,0.57,212964.29,187219.18,73,2.43
"ADS","NC1","","",250000,1,320000,1,5,130000,30,"ADS.NC1",250000,250000,250000,250000,4,250000,250000,4,0.57,208333.33,219444.44,36,1.2
"ADS","NC2","","",128000,"","",0,"","",0,"ADS.NC2","","","","","","","","","",128000,128000,1,0.03
"AEF","AI1","","",5890,243,5890,4372,34,5320,804,"AEF.AI1",5890,5890,5890,5320,218,5877.08,5642.76,1086,155.14,5666.35,5675.05,6010,200.33
"AEF","CI1","","",6449.87,3,6570,3843,100,5670,1453,"AEF.CI1",6250,5660,6250,5660,79,6000.83,6335.84,1259,179.86,6529.55,6448.76,4591,153.03
"AEF","CI2","","",9000,100,7000,388,"","",0,"AEF.CI2","","","","","","","","","","","","",""
"AEF","IC1","","",5214.94,807,5890,2006,79,5210,2497,"AEF.IC1",6700,6900,6900,6000,544,6126.07,6039.82,1537,219.57,6396.11,6261.48,4910,163.67
"AEF","NC1","","",7683.75,200,5670,2141,100,5510,1614,"AEF.NC1","","","","","",7687.5,7687.12,104,14.86,6765.45,6942.94,2454,81.8
"AEF","NC2","","",10000,163,10000,337,10,5290,10,"AEF.NC2","","","","","",10000,10000,12,1.71,8125,8261.36,88,2.93
"AEN","AI1","","",2100000,1,2220000,1,"","",0,"AEN.AI1","","","","","","","","","",2095000,2095000,2,0.07
"AEN","CI1","","",2120000,2,2120000,4,"","",0,"AEN.CI1","","","","","","","","","",2126666.67,2126666.67,3,0.1
"AEN","CI2","","",990267,"","",0,"","",0,"AEN.CI2","","","","","","","","","","","","",""
"AEN","IC1","","",2600000,1,2650000,5,1,2050000,1,"AEN.IC1","","","","","","","","","",2600000,2600000,1,0.03
"AEN","NC1","","",2040000,1,2220000,3,2,1200000,4,"AEN.NC1","","","","","","","","","",2040000,2040000,1,0.03
"AEN","NC2","","",990267,"","",0,"","",0,"AEN.NC2","","","","","","","","","","","","",""
"AFP","AI1","","",30000,1,350000,1,"","",0,"AFP.AI1","","","","","","","","","","","","",""
"AFP","CI1","","",30000,"","",0,"","",0,"AFP.CI1","","","","","","","","","","","","",""
"AFP","CI2","","",134412.7,"","",0,"","",0,"AFP.CI2","","","","","","","","","","","","",""
"AFP","IC1","","",35000,"","",0,3,35000,3,"AFP.IC1","","","","","","","","","","","","",""
"AFP","NC1","","",30000,1,10000000,1,1,207000,1,"AFP.NC1","","","","","","","","","","","","",""
"AFP","NC2","","",134412.7,"","",0,"","",0,"AFP.NC2","","","","","","","","","","","","",""
"AFR","AI1","","",39900,3,39900,14,5,22100,239,"AFR.AI1","","","","","",22000,22000,10,1.43,23966.67,23522.58,31,1.03
"AFR","CI1","","",20500,9,23800,72,45,20500,197,"AFR.CI1","","","","","",24500,24500,4,0.57,21958.33,21446.43,112,3.73
"AFR","CI2","","",9504.3,"","",0,"","",0,"AFR.CI2","","","","","","","","","","","","",""
"AFR","IC1","","",22500,"","",0,4,22500,18,"AFR.IC1","","","","","","","","","",22125,21923.08,26,0.87
"AFR","NC1","","",23750,15,25000,15,10,18100,40,"AFR.NC1","","","","","",22000,22647.06,17,2.43,22585.71,22942.11,76,2.53
"AFR","NC2","","",9504.3,"","",0,"","",0,"AFR.NC2","","","","","","","","","","","","",""
"AGS","AI1","","",598000,1,599000,4,"","",0,"AGS.AI1","","","","","",598000,598000,1,0.14,598000,598000,2,0.07
"AGS","CI1","","",533000,7,533000,8,"","",0,"AGS.CI1","","","","","","","","","",516500,524750,4,0.13
"AGS","CI2","","",500000,"","",0,"","",0,"AGS.CI2","","","","","","","","","","","","",""
"AGS","IC1","","",799000,1,800000,1,1,500000,1,"AGS.IC1","","","","","","","","","",799000,799000,1,0.03
"AGS","NC1","","",750000,15,700000,22,2,450000,2,"AGS.NC1","","","","","","","","","","","","",""
"AGS","NC2","","",222767.28,"","",0,"","",0,"AGS.NC2","","","","","","","","","","","","",""
"AHP","AI1","","",14400,35,14500,1002,"","",0,"AHP.AI1","","","","","","","","","",14600,14269.68,155,5.17
"AHP","CI1","","",15000,100,14900,393,"","",0,"AHP.CI1","","","","","","","","","",15000,15000,7,0.23
"AHP","CI2","","",5713.72,"","",0,"","",0,"AHP.CI2","","","","","","","","","","","","",""
"AHP","IC1","","",15000,7,15000,7,64,9550,64,"AHP.IC1","","","","","","","","","",15000,15000,1,0.03
"AHP","NC1","","",16400,49,16400,3396,2,9510,178,"AHP.NC1",16400,16400,16400,16400,19,16400,16400,19,2.71,15212.5,14547.79,429,14.3
"AHP","NC2","","",5713.72,"","",0,"","",0,"AHP.NC2","","","","","","","","","","","","",""
"AIR","AI1",200000,"",200000,100,202000,100,100,200000,100,"AIR.AI1",200000,200000,201000,200000,222,200208.33,200081.75,1688,241.14,200155.17,200080.37,5636,187.87
"AIR","CI1",200000,"",200000,2,201000,543,100,200000,100,"AIR.CI1",200000,200000,200000,200000,105,200000,200000,764,109.14,200044.64,200037.48,2908,96.93
"AIR","CI2","","",91179.59,"","",0,"","",0,"AIR.CI2","","","","","","","","","","","","",""
"AIR","IC1",200000,"",200000,10,201000,112,100,200000,100,"AIR.IC1",200000,200000,200000,200000,20,200125,200003.59,557,79.57,200112.07,200030.61,3006,100.2
"AIR","NC1",200000,"",200400,50,208000,70,100,200000,100,"AIR.NC1",200000,200000,200000,200000,139,201357.14,200716.22,740,105.71,200509.62,200212.65,3146,104.87
"AIR","NC2","","",91179.59,"","",0,"","",0,"AIR.NC2","","","","","","","","","","","","",""
"AL","AI1","","",1240,66,1280,73779,756,1240,48466,"AL.AI1",1320,1250,1350,1250,11865,1251.79,1269.26,60827,8689.57,1233.08,1240.7,334955,11165.17
"AL","CI1","","",1380,1695,1380,33429,50,1020,4879,"AL.CI1",1360,1300,1400,1100,3143,1322.5,1334.49,24635,3519.29,1326.17,1328.51,101407,3380.23
"AL","CI2","","",1180,100,1320,11010,1000,1200,5231,"AL.CI2","","","","","",1215,1194.52,1186,169.43,1163.41,1172.53,8372,279.07
"AL","IC1","","",1250,487,1250,32015,384,1230,9254,"AL.IC1",1250,1230,1260,1220,4992,1241.79,1237.75,28068,4009.71,1277.5,1271.84,90821,3027.37
"AL","NC1","","",1370,209,1370,84499,2158,1330,21730,"AL.NC1",1380,1390,1390,1310,8937,1353.21,1365.64,36973,5281.86,1353.92,1367.19,161183,5372.77
"AL","NC2","","",1150,306,1150,1217,"","",0,"AL.NC2","","","","","",1112.5,1120.48,1694,242,1266.67,1235.54,4253,141.77
"ALE","AI1","","",1690,2008,1690,41696,404,1590,7221,"ALE.AI1",1690,1690,1690,1590,1555,1634.29,1627.82,10703,1529,1488.33,1461.72,56631,1887.7
"ALE","CI1","","",1510,2,1510,22096,1000,1210,2597,"ALE.CI1",1560,1510,1560,1480,779,1518.21,1517.54,5931,847.29,1428,1400.35,29436,981.2
"ALE","CI2","","",1500,56,1500,2648,"","",0,"ALE.CI2","","","","","","","","","","","","",""
"ALE","IC1","","",1460,69,1450,14228,900,1330,8027,"ALE.IC1",1470,1460,1490,1320,1861,1445.71,1448.08,8566,1223.71,1374.83,1356.55,36680,1222.67
"ALE","NC1","","",1610,1516,1610,62353,808,1420,21308,"ALE.NC1",1610,1420,1620,1400,1585,1562.86,1566.33,7085,1012.14,1372.25,1364.57,43992,1466.4
"ALE","NC2","","",1250,146,1250,1308,200,1240,214,"ALE.NC2","","","","","",1250,1250,54,7.71,1336.92,1352.05,663,22.1
"ALG","AI1",80,"",421,2328,450,18995,1988,421,51043,"ALG.AI1",450,421,450,421,327,433.96,466.72,2784,397.71,381.77,343.08,71705,2390.17
"ALG","CI1",80,"",390,3332,390,30123,2000,351,36645,"ALG.CI1",366,390,390,366,2395,384.21,385.95,7308,1044,402.48,375.25,107687,3589.57
"ALG","CI2","","",319.93,756,325,2227,"","",0,"ALG.CI2","","","","","","","","","",320,319.86,296,9.87
"ALG","IC1",80,"",409,898,409,6722,2,380,19142,"ALG.IC1",398,409,409,380,6410,381.83,388.56,30928,4418.29,391.34,386.28,86446,2881.53
"ALG","NC1",80,"",405,372,477,22999,2000,406,5957,"ALG.NC1",405,405,405,405,451,469.9,473.63,3114,444.86,450.31,387.67,40757,1358.57
"ALG","NC2","","",320,758,320,1294,500,290,1500,"ALG.NC2",320,320,320,320,415,320,320,415,59.29,321.25,320.98,1543,51.43
"ALO","AI1",42,"",180,3919,190,610543,10544,180,392156,"ALO.AI1",185,190,192,180,16643,187.32,186.1,83432,11918.86,200.54,200.6,376679,12555.97
"ALO","CI1",42,"",177.58,64,198,78678,193,141,29793,"ALO.CI1",145,141,145,141,1367,179.39,170.33,26171,3738.71,216.91,188.13,55093,1836.43
"ALO","CI2","","",160,888,400,29601,"","",0,"ALO.CI2",160,160,160,160,8140,160,160,8140,1162.86,170,161.09,9591,319.7
"ALO","IC1",42,"",213.31,4182,213,85004,100,180,73425,"ALO.IC1",121,214,214,120,3381,206.92,202.26,13215,1887.86,226.66,226.05,68890,2296.33
"ALO","NC1",42,"",221,6827,221,161274,1403,211,58877,"ALO.NC1",220,221,221,220,3377,221.07,218.51,30571,4367.29,245.78,245.54,152505,5083.5
"ALO","NC2","","",184,400,170,5165,"","",0,"ALO.NC2","","","","","",203.92,202.37,2622,374.57,206.35,203.55,3100,103.33
"ALR","AI1","","",3200,2105,3200,4105,116,2600,236,"ALR.AI1","","","","","",3200,3200,71,10.14,3112.5,3078.65,679,22.63
"ALR","CI1","","",3114,406,3190,4475,4,2510,628,"ALR.CI1","","","","","","","","","",2921,3006.73,104,3.47
"ALR","CI2","","",1345.41,"","",0,"","",0,"ALR.CI2","","","","","","","","","","","","",""
"ALR","IC1","","",3640,82,3640,4341,60,2100,80,"ALR.IC1","","","","","",3640,3640,1,0.14,3132,3340,111,3.7
"ALR","NC1","","",3100,105,3100,5617,60,2500,1068,"ALR.NC1","","","","","",3087.5,3066.07,140,20,3079.17,3074.9,484,16.13
"ALR","NC2","","",1345.41,"","",0,"","",0,"ALR.NC2","","","","","","","","","","","","",""
"AMM","AI1",61,"",165,1014,165,99613,10,140,53110,"AMM.AI1",165,165,165,160,3507,161.18,156.3,15950,2278.57,159.57,152.23,90818,3027.27
"AMM","CI1",61,"",145,19883,145,65501,400,128,35776,"AMM.CI1",143,129,145,129,6263,139.14,143.23,22338,3191.14,136.71,136.89,155136,5171.2
"AMM","CI2","","",132,4150,132,4150,10000,100,10000,"AMM.CI2","","","","","",132,132,350,50,125.78,119.24,44229,1474.3
"AMM","IC1",61,"",189,4,189,48631,282,152,28434,"AMM.IC1",199,189,199,147,1519,182.07,180.56,23809,3401.29,182.09,181.88,132608,4420.27
"AMM","NC1",61,"",190,13100,190,66538,20,182,51145,"AMM.NC1",190,190,190,185,1018,185.88,186.18,14602,2086,178.98,179.71,74353,2478.43
"AMM","NC2","","",205,500,187,500,500,170,6384,"AMM.NC2","","","","","",205,205,1125,160.71,198,190.86,2150,71.67
"ANZ","AI1","","",73626.71,1,125000,1,"","",0,"ANZ.AI1","","","","","","","","","","","","",""
"ANZ","CI1","","",73626.71,1,120000,1,"","",0,"ANZ.CI1","","","","","","","","","","","","",""
"ANZ","CI2","","",73626.71,"","",0,"","",0,"ANZ.CI2","","","","","","","","","","","","",""
"ANZ","IC1","","",73626.71,"","",0,"","",0,"ANZ.IC1","","","","","","","","","","","","",""
"ANZ","NC1","","",73626.71,2,10000000,2,"","",0,"ANZ.NC1","","","","","","","","","","","","",""
"ANZ","NC2","","",73626.71,"","",0,"","",0,"ANZ.NC2","","","","","","","","","","","","",""
"APT","AI1","","",13900,45,13900,2073,"","",0,"APT.AI1","","","","","",13900,13900,5,0.71,13912.5,13949.07,108,3.6
"APT","CI1","","",15500,369,15500,574,"","",0,"APT.CI1","","","","","","","","","",16000,15966.67,15,0.5
"APT","CI2","","",6945.84,"","",0,"","",0,"APT.CI2","","","","","","","","","","","","",""
"APT","IC1","","",15801.83,15,16800,142,2,14500,22,"APT.IC1","","","","","","","","","",16380,14927.27,22,0.73
"APT","NC1","","",16500,756,16400,1312,"","",0,"APT.NC1","","","","","","","","","",16500,16500,16,0.53
"APT","NC2","","",6945.84,"","",0,"","",0,"APT.NC2","","","","","","","","","","","","",""
"AR","AI1",83,"",256.32,10000,250,98813,40,233,34849,"AR.AI1",258,257,258,256,1061,256.42,241.58,17411,2487.29,287.7,270.53,62143,2071.43
"AR","CI1",83,"",330,1560,330,48073,1000,254,33530,"AR.CI1",335,330,335,330,1550,335.38,328.45,2839,405.57,391.47,365.8,14021,467.37
"AR","CI2","","",150,"","",0,978,150,978,"AR.CI2","","","","","","","","","",150,150,22,0.73
"AR","IC1",83,"",305,108,304,17364,1000,263,6900,"AR.IC1",315,305,315,305,317,320.33,320.94,2240,320,347.96,337.41,21337,711.23
"AR","NC1",83,"",347,4250,346,57512,100,300,23197,"AR.NC1",348,347,348,347,176,344,343.66,3100,442.86,366.35,359.79,16870,562.33
"AR","NC2","","",564.25,750,700,2500,500,306,600,"AR.NC2","","","","","",413,465.53,1900,271.43,508.67,551.5,3000,100
"ARP","AI1","","",9500,1,9500,259,"","",0,"ARP.AI1","","","","","","","","","","","","",""
"ARP","CI1","","",8500,1,8500,7,"","",0,"ARP.CI1","","","","","","","","","","","","",""
"ARP","CI2","","",4648.62,"","",0,"","",0,"ARP.CI2","","","","","","","","","","","","",""
"ARP","IC1","","",14000,1,35000,1,"","",0,"ARP.IC1","","","","","","","","","",14000,14000,1,0.03
"ARP","NC1","","",8500,23,8400,35,"","",0,"ARP.NC1","","","","","","","","","","","","",""
"ARP","NC2","","",4648.62,"","",0,"","",0,"ARP.NC2","","","","","","","","","","","","",""
"ASE","AI1","","",47500,82,47100,2089,82,45000,655,"ASE.AI1",47500,47500,47500,47500,2,48530,48832.56,347,49.57,48525,48654.22,2835,94.5
"ASE","CI1","","",45900,131,45900,1895,154,45200,407,"ASE.CI1",45300,45200,45300,45200,53,45439.29,46793.78,418,59.71,45551.67,46549.77,1756,58.53
"ASE","CI2","","",55000,30,50000,90,10,33000,10,"ASE.CI2","","","","","","","","","","","","",""
"ASE","IC1","","",49700,184,48000,2036,1,46000,68,"ASE.IC1",46000,49700,49700,46000,17,49400,49376.99,113,16.14,48310.58,48803.09,1360,45.33
"ASE","NC1","","",40000,78,46000,2233,50,40000,653,"ASE.NC1",46500,40000,46600,40000,505,44300,43924.26,1142,163.14,45578.13,44296.95,4651,155.03
"ASE","NC2","","",60000,16,60000,16,8,44000,8,"ASE.NC2","","","","","","","","","","","","",""
"AST","AI1","","",4190,60,4180,5770,5000,1500,5000,"AST.AI1","","","","","",3056,2712.46,3122,446,2605.83,2444.05,9646,321.53
"AST","CI1","","",2700,3,2800,7457,"","",0,"AST.CI1","","","","","",2800,2800,82,11.71,2874.38,2874.36,745,24.83
"AST","CI2","","",1776.4,"","",0,"","",0,"AST.CI2","","","","","","","","","","","","",""
"AST","IC1","","",3545.84,1000,3590,3980,200,2400,370,"AST.IC1","","","","","","","","","",3543.75,3545.36,530,17.67
"AST","NC1","","",3350,486,3350,16112,100,2800,1402,"AST.NC1",3350,3350,3350,3350,18,3400,3418.97,58,8.29,3307.5,3248.56,1976,65.87
"AST","NC2","","",2000,100,4740,100,"","",0,"AST.NC2","","","","","","","","","","","","",""
"ATA","AI1","","",43600,3,43400,588,50,33100,989,"ATA.AI1",43600,43600,43600,43600,2,44762.5,45181.76,159,22.71,45567.86,45496.81,783,26.1
"ATA","CI1","","",35600,45,47700,570,93,40000,875,"ATA.CI1",51800,35600,52000,35500,68,40000,47221.07,337,48.14,39145.69,42531.86,1111,37.03
"ATA","CI2","","",32000,"","",0,"","",0,"ATA.CI2","","","","","","","","","",32000,32000,10,0.33
"ATA","IC1","","",44600,16,44600,637,2,30100,323,"ATA.IC1",42100,44600,44600,42100,250,43005,43195.11,368,52.57,43755.26,43891.4,756,25.2
"ATA","NC1","","",34000,26,34100,686,50,30800,1218,"ATA.NC1",34100,34000,34100,34000,107,35310,35035.09,818,116.86,37820.65,36736.78,3007,100.23
"ATA","NC2","","",38000,"","",0,4,28000,4,"ATA.NC2","","","","","","","","","",38000,38000,24,0.8
"ATP","AI1","","",50000,3,50000,46,2,41000,2,"ATP.AI1","","","","","","","","","",50000,50000,2,0.07
"ATP","CI1","","",30000,50,48000,150,"","",0,"ATP.CI1","","","","","","","","","","","","",""
"ATP","CI2","","",12377.3,"","",0,"","",0,"ATP.CI2","","","","","","","","","","","","",""
"ATP","IC1","","",25000,"","",0,15,30000,55,"ATP.IC1","","","","","","","","","","","","",""
"ATP","NC1","","",45000,6,45000,92,9,40000,9,"ATP.NC1","","","","","",45000,45000,2,0.29,41250,40250,40,1.33
"ATP","NC2","","",12377.3,"","",0,"","",0,"ATP.NC2","","","","","","","","","","","","",""
"AU","AI1","","",2300,3,2200,11063,16,2150,3617,"AU.AI1","","","","","",2245.5,2185.9,3934,562,2229.38,2209.68,7994,266.47
"AU","CI1","","",2340,196,2320,2530,50,2000,2963,"AU.CI1","","","","","",1826.67,1637.79,244,34.86,2015.47,1800.13,2062,68.73
"AU","CI2","","",2200,"","",0,100,2500,100,"AU.CI2","","","","","","","","","","","","",""
"AU","IC1","","",2330,111,2280,4440,30,2160,831,"AU.IC1","","","","","",2303.33,2251.88,213,30.43,2297.5,2281.14,1361,45.37
"AU","NC1","","",2120,49,2120,12191,100,2010,1734,"AU.NC1","","","","","",2037.5,2001.85,1030,147.14,2029.13,2035.76,4352,145.07
"AU","NC2","","",998,52,998,103,"","",0,"AU.NC2","","","","","","","","","",998,998,21,0.7
"AUO","AI1",137,"",458.94,109,480,36775,9,450,10249,"AUO.AI1",450,480,480,450,274,425.21,427.75,3363,480.43,471.12,459.09,19452,648.4
"AUO","CI1",137,"",498,300,498,6257,1000,352,6639,"AUO.CI1","","","","","",498.5,498.67,300,42.86,477.2,499.56,1904,63.47
"AUO","CI2","","",300,1000,350,1000,"","",0,"AUO.CI2","","","","","","","","","","","","",""
"AUO","IC1",137,"",650,135,650,14650,1000,459,9293,"AUO.IC1",649,650,650,649,768,615.92,579.3,2429,347,559.44,518.37,9391,313.03
"AUO","NC1",137,"",400,55,449,45232,1000,401,10388,"AUO.NC1",403,400,403,400,70,455.9,450.11,1872,267.43,459.9,457.7,7957,265.23
"AUO","NC2","","",280,"","",0,200,308,200,"AUO.NC2","","","","","","","","","","","","",""
"AWF","AI1","","",7500,85,7500,589,3,4710,143,"AWF.AI1","","","","","","","","","",7495,7493,50,1.67
"AWF","CI1","","",6735.94,13,7470,38,22,4200,22,"AWF.CI1","","","","","","","","","",6205,5917.55,110,3.67
"AWF","CI2","","",2951.99,"","",0,"","",0,"AWF.CI2","","","","","","","","","","","","",""
"AWF","IC1","","",9900,22,9950,42,2,6000,10,"AWF.IC1",9900,9900,9900,9900,35,9900,9900,35,5,9200,9776.32,38,1.27
"AWF","NC1","","",7500,24,7500,154,8,5200,22,"AWF.NC1",7500,7500,7500,7500,8,7500,7500,38,5.43,6931.36,6970.18,168,5.6
"AWF","NC2","","",2951.99,5,5950,5,"","",0,"AWF.NC2","","","","","","","","","","","","",""
"AWH","AI1","","",18500,199,18500,947,200,16000,200,"AWH.AI1","","","","","","","","","",19000,18571.43,21,0.7
"AWH","CI1","","",23500,126,24000,136,100,15800,100,"AWH.CI1","","","","","","","","","",23500,23500,16,0.53
"AWH","CI2","","",8430.92,"","",0,"","",0,"AWH.CI2","","","","","","","","","","","","",""
"AWH","IC1","","",25000,"","",0,64,15800,64,"AWH.IC1","","","","","","","","","","","","",""
"AWH","NC1","","",25000,2,25000,302,14,18000,298,"AWH.NC1","","","","","","","","","",24975,24991.89,74,2.47
"AWH","NC2","","",8430.92,"","",0,"","",0,"AWH.NC2","","","","","","","","","","","","",""
"BAC","AI1","","",3660,133,3660,2144,40,3650,2176,"BAC.AI1",3640,3660,3660,3640,128,3646,3647.2,578,82.57,3646.77,3655.83,4505,150.17
"BAC","CI1","","",3500,160,3400,465,76,3010,1021,"BAC.CI1",3500,3500,3500,3500,2,3535,3549.7,843,120.43,3516.04,3360.83,2862,95.4
"BAC","CI2","","",1280.91,"","",0,"","",0,"BAC.CI2","","","","","","","","","","","","",""
"BAC","IC1","","",3640,194,3640,1149,1000,2810,1830,"BAC.IC1",3590,3640,3640,3590,179,3615,3608.89,360,51.43,3611.58,3619.92,1415,47.17
"BAC","NC1","","",3980,17,3980,2065,377,2800,2855,"BAC.NC1","","","","","",3981.88,3981.57,471,67.29,3794.06,3582.49,2133,71.1
"BAC","NC2","","",2250,"","",0,"","",0,"BAC.NC2","","","","","","","","","","","","",""
"BAI","AI1","","",16062.66,500,16000,1903,7,14700,207,"BAI.AI1","","","","","",15525,15772.29,231,33,15498.61,15835.49,972,32.4
"BAI","CI1","","",14900,3,14900,409,"","",0,"BAI.CI1","","","","","","","","","",14900,14900,6,0.2
"BAI","CI2","","",6821.51,"","",0,"","",0,"BAI.CI2","","","","","","","","","","","","",""
"BAI","IC1","","",15900,9,15800,113,99,11500,99,"BAI.IC1","","","","","","","","","",13725,15536.36,11,0.37
"BAI","NC1","","",16601.92,67,17000,225,473,14500,473,"BAI.NC1","","","","","",15866.67,16461.4,57,8.14,15625,15768.9,164,5.47
"BAI","NC2","","",6821.51,"","",0,"","",0,"BAI.NC2","","","","","","","","","","","","",""
"BBH","AI1",1320,5110,4190,29,4180,31352,2,4110,1914,"BBH.AI1",4190,4190,4190,3510,731,3980.83,4012.96,10012,1430.29,3810,3901.42,32796,1093.2
"BBH","CI1",1320,5110,4280,254,4270,18784,38,4110,5637,"BBH.CI1",4180,4290,4290,4100,1710,4126.67,4170.96,4927,703.86,3989.83,4021.04,22554,751.8
"BBH","CI2","","",4000,145,4000,945,4,3310,2042,"BBH.CI2","","","","","",4000,4000,44,6.29,3884.62,3754.93,741,24.7
"BBH","IC1",1320,5110,4400,1667,4400,6246,9,4110,2917,"BBH.IC1",4400,4400,4400,4200,768,4174.29,4189.62,5560,794.29,4035.92,4079.7,35507,1183.57
"BBH","NC1",1320,5110,4250,90,4250,8983,50,3860,6879,"BBH.NC1",4050,4300,4300,3820,1653,4080.36,4077.31,6081,868.71,3919,3977.82,33549,1118.3
"BBH","NC2","","",3600,148,3600,2648,"","",0,"BBH.NC2",3600,3600,3600,3600,22,3628.13,3640.97,277,39.57,3800.5,3758.97,1000,33.33
"BCO","AI1","","",625,1703,666,66274,2387,625,17887,"BCO.AI1",625,677,677,625,1548,654.79,642.22,16025,2289.29,672.91,667.72,81802,2726.73
"BCO","CI1","","",693.75,591,696,36707,1000,650,3500,"BCO.CI1",690,696,696,690,200,682.6,668.2,4567,652.43,728.78,704.75,32964,1098.8
"BCO","CI2","","",780,"","",0,"","",0,"BCO.CI2","","","","","","","","","","","","",""
"BCO","IC1","","",700,442,700,13141,584,501,584,"BCO.IC1","","","","","",669.13,679.97,2195,313.57,696.84,699.76,14188,472.93
"BCO","NC1","","",687,123,687,79606,321,617,33761,"BCO.NC1","","","","","",666.9,672.15,12165,1737.86,654.38,647.51,61039,2034.63
"BCO","NC2","","",640,"","",0,"","",0,"BCO.NC2","","","","","","","","","","","","",""
"BDE","AI1",1500,4760,3990,1225,3990,4703,4,3620,4102,"BDE.AI1",3800,4000,4000,3570,1052,3719.29,3770.02,5529,789.86,3426.25,3471.91,34662,1155.4
"BDE","CI1",1500,4750,3550,12,3550,12382,827,3500,5332,"BDE.CI1",3400,3500,3600,3400,1375,3466.43,3499.48,3964,566.29,3473.5,3474.54,22474,749.13
"BDE","CI2","","",3600,68,3600,1068,1000,3200,1020,"BDE.CI2","","","","","",3600,3600,1,0.14,3566.67,3544.9,294,9.8
"BDE","IC1",1500,4760,4040,157,4040,1295,7,3820,1534,"BDE.IC1",4040,4000,4050,3800,638,3909.29,3942.84,4874,696.29,3735.33,3780.35,26148,871.6
"BDE","NC1",1500,4760,3886.67,430,3890,3565,50,3570,6996,"BDE.NC1",3890,3880,3890,3560,881,3745.36,3784.97,4794,684.86,3500.92,3549.76,24497,816.57
"BDE","NC2","","",3200,130,3200,1685,93,3130,93,"BDE.NC2",3200,3200,3200,3200,70,3191.25,3198.23,277,39.57,3382,3300.01,937,31.23
"BE","AI1","","",2400,1850,2400,24098,1991,2000,5295,"BE.AI1",2400,2400,2400,2400,68,2185,2057.43,1823,260.43,2327.64,2159.14,8429,280.97
"BE","CI1","","",1747.85,584,2240,2030,14,1750,2022,"BE.CI1","","","","","",2163.75,2121.24,1642,234.57,2377.39,2378.91,10712,357.07
"BE","CI2","","",2500,500,2300,500,"","",0,"BE.CI2","","","","","","","","","","","","",""
"BE","IC1","","",2370,714,2370,4053,75,1910,1595,"BE.IC1","","","","","",2371.67,2373.65,96,13.71,2239.44,2121.69,1932,64.4
"BE","NC1","","",2460,100,2300,17391,362,2010,7109,"BE.NC1",2440,2460,2460,2440,516,2311.25,2390.13,3407,486.71,2351.67,2387.83,10141,338.03
"BE","NC2","","",1700,"","",0,"","",0,"BE.NC2","","","","","","","","","","","","",""
"BEA","AI1",84,"",361,394,440,14562,1763,361,47515,"BEA.AI1",361,361,361,361,237,483.15,482.49,1476,210.86,455.82,464.57,9173,305.77
"BEA","CI1",84,"",456,50,500,14304,1900,456,15363,"BEA.CI1",455,456,456,455,145,481.25,495.82,2421,345.86,476.39,468.86,18825,627.5
"BEA","CI2","","",250,"","",0,10,100,10,"BEA.CI2","","","","","","","","","","","","",""
"BEA","IC1",84,"",403.53,173,404,11080,1959,401,36619,"BEA.IC1",405,404,405,401,887,418.71,422.87,6965,995,421.15,421.85,39856,1328.53
"BEA","NC1",84,"",399.42,2648,526,6992,2000,350,18291,"BEA.NC1",527,347,527,347,52,490.88,514.58,3240,462.86,490.64,507.58,16991,566.37
"BEA","NC2","","",444.57,"","",0,489,280,1246,"BEA.NC2","","","","","","","","","",450,440.74,27,0.9
"BER","AI1","","",585,2856,585,29895,1500,426,11500,"BER.AI1",585,585,585,585,1078,588,585.65,3347,478.14,638.63,615.57,16354,545.13
"BER","CI1","","",600,200,600,3544,306,450,8669,"BER.CI1","","","","","",600,600,450,64.29,608.91,620,3920,130.67
"BER","CI2","","",400,"","",0,"","",0,"BER.CI2","","","","","","","","","","","","",""
"BER","IC1","","",599,37,590,10337,200,400,100550,"BER.IC1","","","","","",624.5,649.87,401,57.29,578.45,482.14,16047,534.9
"BER","NC1","","",744,50,742,51232,14,400,6702,"BER.NC1","","","","","",734.2,690.98,4133,590.43,745.26,634.58,31920,1064
"BER","NC2","","",117.55,50,551,50,"","",0,"BER.NC2","","","","","","","","","","","","",""
"BFP","AI1","","",26000,8,25000,8,"","",0,"BFP.AI1","","","","","","","","","","","","",""
"BFP","CI1","","",25000,"","",0,"","",0,"BFP.CI1","","","","","","","","","","","","",""
"BFP","CI2","","",20233.02,"","",0,"","",0,"BFP.CI2","","","","","","","","","","","","",""
"BFP","IC1","","",25000,"","",0,"","",0,"BFP.IC1","","","","","","","","","","","","",""
"BFP","NC1","","",24000,"","",0,"","",0,"BFP.NC1","","","","","","","","","","","","",""
"BFP","NC2","","",20233.02,"","",0,"","",0,"BFP.NC2","","","","","","","","","","","","",""
"BFR","AI1","","",6700,3,6700,97,28,4500,28,"BFR.AI1",6700,6700,6700,6700,14,5600,5640.74,27,3.86,6346.88,6019.4,134,4.47
"BFR","CI1","","",6100,7,7200,63,41,6100,291,"BFR.CI1","","","","","",6100,6100,16,2.29,6826.79,6835.04,117,3.9
"BFR","CI2","","",5000,"","",0,"","",0,"BFR.CI2","","","","","","","","","",5000,5000,4,0.13
"BFR","IC1","","",9900,21,9900,24,300,4000,300,"BFR.IC1",9900,9900,9900,9900,4,9900,9900,4,0.57,9900,9900,4,0.13
"BFR","NC1","","",4500,1,9000,77,74,4500,272,"BFR.NC1",7000,4500,9900,4500,77,6843.75,6988,125,17.86,6557.5,7584.13,286,9.53
"BFR","NC2","","",2515.46,"","",0,"","",0,"BFR.NC2","","","","","","","","","","","","",""
"BGC","AI1","","",830,2000,829,12924,2662,710,6063,"BGC.AI1",830,830,830,830,561,822.67,807.7,1683,240.43,830.36,825.88,7079,235.97
"BGC","CI1","","",770,491,770,4056,2000,680,5397,"BGC.CI1",770,770,770,770,100,765.1,762.18,2096,299.43,741,717.84,10586,352.87
"BGC","CI2","","",600,"","",0,"","",0,"BGC.CI2","","","","","","","","","","","","",""
"BGC","IC1","","",729.27,586,730,1336,1000,650,2800,"BGC.IC1","","","","","",707.25,709.02,2212,316,674.3,566.08,12855,428.5
"BGC","NC1","","",715,78,715,10710,1644,650,9464,"BGC.NC1",715,715,715,715,400,695.8,709.14,5304,757.71,722.98,724.24,18663,622.1
"BGC","NC2","","",500,200,650,200,"","",0,"BGC.NC2","","","","","","","","","","","","",""
"BGO","AI1","","",2310,25,2600,20201,371,2310,3756,"BGO.AI1",2710,2310,2710,2310,759,2631.67,2621.93,2567,366.71,2683.28,2673.83,14776,492.53
"BGO","CI1","","",2930,180,2930,5691,200,2470,1821,"BGO.CI1",2920,2930,2930,2920,87,2925,2922.42,165,23.57,2884.21,2777.09,1145,38.17
"BGO","CI2","","",2000,"","",0,"","",0,"BGO.CI2","","","","","","","","","","","","",""
"BGO","IC1","","",3230,2,3230,2610,70,2280,531,"BGO.IC1",3210,3230,3230,3210,117,3000,2880.78,1143,163.29,2848.93,2851.1,2062,68.73
"BGO","NC1","","",2325.88,181,2710,10010,92,2320,2884,"BGO.NC1",2710,2710,2710,2700,128,2482.08,2444.67,1186,169.43,2323.89,2380.88,4681,156.03
"BGO","NC2","","",2100,70,2800,167,3,2100,100,"BGO.NC2","","","","","","","","","","","","",""
"BGS","AI1","","",125000,3,215000,4,1,100000,3,"BGS.AI1","","","","","","","","","",214600,214666.67,6,0.2
"BGS","CI1","","",218000,8,218000,9,"","",0,"BGS.CI1","","","","","","","","","",178250,175600,10,0.33
"BGS","CI2","","",87625.2,"","",0,"","",0,"BGS.CI2","","","","","","","","","","","","",""
"BGS","IC1","","",220000,11,220000,11,1,175000,1,"BGS.IC1","","","","","",220000,220000,1,0.14,219800,219800,5,0.17
"BGS","NC1","","",219676.91,"","",0,"","",0,"BGS.NC1","","","","","","","","","",219500,219500,2,0.07
"BGS","NC2","","",87625.2,"","",0,"","",0,"BGS.NC2","","","","","","","","","","","","",""
"BHP","AI1","","",4300,81,6460,480,7,4300,1059,"BHP.AI1",4800,4300,6470,4300,38,6256.25,6081.28,148,21.14,6359.74,6363.54,1231,41.03
"BHP","CI1","","",6500,31,6500,782,218,4000,540,"BHP.CI1",6500,6500,6500,6500,65,6147.08,5888.48,415,59.29,6278.84,5967.86,1681,56.03
"BHP","CI2","","",1500,"","",0,"","",0,"BHP.CI2","","","","","","","","","","","","",""
"BHP","IC1","","",6750,4,6750,502,16,5500,580,"BHP.IC1",6660,6750,6750,6660,126,6455,6652.67,296,42.29,6428.8,6193.11,1065,35.5
"BHP","NC1","","",5500,73,5500,9493,129,4300,876,"BHP.NC1",5650,5640,5650,5640,17,5625,5636.75,117,16.71,5645.27,5628.34,3730,124.33
"BHP","NC2","","",5268.08,48,5820,167,50,4760,50,"BHP.NC2",5000,5820,5820,5000,13,5205,5068.33,24,3.43,5102.5,5034.17,48,1.6
"BID","AI1","","",70000,24,69900,238,"","",0,"BID.AI1","","","","","","","","","","","","",""
"BID","CI1","","",80000,45,80000,45,"","",0,"BID.CI1","","","","","","","","","","","","",""
"BID","CI2","","",24575.12,"","",0,"","",0,"BID.CI2","","","","","","","","","","","","",""
"BID","IC1","","",80000,7,80000,13,"","",0,"BID.IC1","","","","","","","","","","","","",""
"BID","NC1","","",55000,3,70000,253,"","",0,"BID.NC1","","","","","","","","","","","","",""
"BID","NC2","","",24575.12,49,70000,49,"","",0,"BID.NC2","","","","","","","","","","","","",""
"BL","AI1","","",8900,44,8900,640,4,5500,467,"BL.AI1","","","","","","","","","",7681,6267.61,611,20.37
"BL","CI1","","",6790,106,6790,445,"","",0,"BL.CI1","","","","","",6800,6800,5,0.71,7591.25,7325.49,523,17.43
"BL","CI2","","",4500,"","",0,"","",0,"BL.CI2","","","","","","","","","","","","",""
"BL","IC1","","",7970,161,7970,189,"","",0,"BL.IC1","","","","","",6475,6454.55,33,4.71,7756.43,7627.47,146,4.87
"BL","NC1","","",8500,83,8500,307,"","",0,"BL.NC1","","","","","",8000,8000,13,1.86,7804.67,6255.25,568,18.93
"BL","NC2","","",2986.7,10,7500,10,"","",0,"BL.NC2","","","","","","","","","","","","",""
"BLE","AI1","","",2650,84,2650,2094,250,2000,500,"BLE.AI1","","","","","",2716.67,2704.84,62,8.86,2624,2484.86,321,10.7
"BLE","CI1","","",3870,67,3850,1223,"","",0,"BLE.CI1","","","","","",3878.75,3871.89,53,7.57,3171.92,729.14,2287,76.23
"BLE","CI2","","",1804.34,"","",0,"","",0,"BLE.CI2","","","","","","","","","","","","",""
"BLE","IC1","","",2294.58,145,2300,276,1,2020,1666,"BLE.IC1",2290,2290,2290,2290,1,2290,2290,45,6.43,2187.92,2131.54,299,9.97
"BLE","NC1","","",2200,502,2200,2874,1000,1600,2154,"BLE.NC1",2200,2200,2200,2200,6,2125,2115,40,5.71,2049.55,2077.12,473,15.77
"BLE","NC2","","",1804.34,10,2300,10,"","",0,"BLE.NC2","","","","","","","","","","","","",""
"BMF","AI1","","",32950,87,33000,844,399,25000,399,"BMF.AI1","","","","","",32975,32968.97,29,4.14,32478.13,29775.4,252,8.4
"BMF","CI1","","",34000,34,34000,215,"","",0,"BMF.CI1","","","","","",34000,34000,3,0.43,29117.5,21064.58,192,6.4
"BMF","CI2","","",10946.03,"","",0,5,22000,5,"BMF.CI2","","","","","","","","","","","","",""
"BMF","IC1","","",32200,10,32200,404,1,25200,232,"BMF.IC1","","","","","",32000,32000,10,1.43,32247.37,32328.79,66,2.2
"BMF","NC1","","",30500,31,30800,695,12,27000,36,"BMF.NC1","","","","","",27925,29157.14,14,2,30086.67,30441.89,74,2.47
"BMF","NC2","","",60000,27,60000,27,"","",0,"BMF.NC2","","","","","","","","","",60000,60000,1,0.03
"BND","AI1","","",230,1240,900,1240,"","",0,"BND.AI1","","","","","","","","","",230,230,80,2.67
"BND","CI1","","",325,"","",0,"","",0,"BND.CI1","","","","","","","","","","","","",""
"BND","CI2","","",270.15,"","",0,"","",0,"BND.CI2","","","","","","","","","","","","",""
"BND","IC1","","",155,"","",0,"","",0,"BND.IC1","","","","","","","","","","","","",""
"BND","NC1","","",323,16,4900,16,2178,153,2188,"BND.NC1","","","","","","","","","","","","",""
"BND","NC2","","",500,"","",0,"","",0,"BND.NC2","","","","","","","","","","","","",""
"BOR","AI1","","",500,21,500,19131,224,236,4904,"BOR.AI1","","","","","",459,535.16,240,34.29,480.4,527.75,1992,66.4
"BOR","CI1","","",699,250,699,2168,50,234,1798,"BOR.CI1",699,699,699,699,50,582.5,695.91,151,21.57,375.21,432.41,1491,49.7
"BOR","CI2","","",300,"","",0,300,225,300,"BOR.CI2","","","","","","","","","","","","",""
"BOR","IC1","","",680,159,675,1068,28,600,94,"BOR.IC1","","","","","",680,680,41,5.86,3065.95,843.6,781,26.03
"BOR","NC1","","",600,1315,600,36135,50,500,9881,"BOR.NC1",550,600,600,550,41,594.9,598.34,1253,179,531.81,525.18,7850,261.67
"BOR","NC2","","",300,256,400,256,44,300,294,"BOR.NC2","","","","","","","","","","","","",""
"BOS","AI1","","",7975.14,425,7450,5083,310,3280,447,"BOS.AI1","","","","","","","","","",7334.29,7781.11,1537,51.23
"BOS","CI1","","",5438.93,19,5500,464,208,3900,508,"BOS.CI1",5400,5500,5500,5400,45,5475,5443.86,57,8.14,5379.77,4949.1,699,23.3
"BOS","CI2","","",3250,"","",0,"","",0,"BOS.CI2","","","","","","","","","","","","",""
"BOS","IC1","","",3320.04,171,6800,356,25,4500,247,"BOS.IC1","","","","","","","","","",3787.5,3445.98,435,14.5
"BOS","NC1","","",6000,96,5900,1161,288,4010,3222,"BOS.NC1","","","","","",5568.33,5731.88,101,14.43,5688.13,5659.38,1861,62.03
"BOS","NC2","","",4350,"","",0,"","",0,"BOS.NC2","","","","","","","","","","","","",""
"BPT","AI1","","",16900,6,17000,16,"","",0,"BPT.AI1","","","","","","","","","","","","",""
"BPT","CI1","","",6000,"","",0,150,6000,150,"BPT.CI1","","","","","",6000,6000,50,7.14,6000,6000,50,1.67
"BPT","CI2","","",2208.17,"","",0,"","",0,"BPT.CI2","","","","","","","","","","","","",""
"BPT","IC1","","",10000,"","",0,70,6000,70,"BPT.IC1","","","","","",10000,10000,15,2.14,9495,9120.87,265,8.83
"BPT","NC1","","",10000,507,10000,1603,"","",0,"BPT.NC1","","","","","","","","","",10000,10000,9,0.3
"BPT","NC2","","",2208.17,"","",0,"","",0,"BPT.NC2","","","","","","","","","","","","",""
"BR1","AI1","","",822000,1,823000,36,1,700000,1,"BR1.AI1","","","","","",815500,815500,4,0.57,819250,819000,13,0.43
"BR1","CI1","","",927000,1,925000,30,2,680000,4,"BR1.CI1","","","","","",927000,927000,1,0.14,939071.43,937625,8,0.27
"BR1","CI2","","",1300000,"","",0,"","",0,"BR1.CI2","","","","","","","","","","","","",""
"BR1","IC1","","",900000,2,790000,12,1,740000,5,"BR1.IC1",900000,900000,900000,900000,1,900000,900000,1,0.14,890000,890000,2,0.07
"BR1","NC1","","",900000,1,900000,19,1,800000,2,"BR1.NC1",900000,900000,900000,900000,1,910000,910000,2,0.29,917812.5,917200,10,0.33
"BR1","NC2","","",254764.78,"","",0,"","",0,"BR1.NC2","","","","","","","","","","","","",""
"BR2","AI1","","",996507.5,1,996000,23,1,900000,1,"BR2.AI1","","","","","","","","","",996500,996500,2,0.07
"BR2","CI1","","",950000,1,970000,7,"","",0,"BR2.CI1","","","","","",950000,950000,1,0.14,967375,968600,5,0.17
"BR2","CI2","","",1300000,"","",0,"","",0,"BR2.CI2","","","","","","","","","","","","",""
"BR2","IC1","","",980000,1,990000,4,1,900000,1,"BR2.IC1","","","","","",980000,980000,1,0.14,980000,980000,1,0.03
"BR2","NC1","","",1000000,8,989000,12,"","",0,"BR2.NC1","","","","","","","","","",995000,995000,2,0.07
"BR2","NC2","","",341875.34,"","",0,"","",0,"BR2.NC2","","","","","","","","","","","","",""
"BRM","AI1","","",255,2998,255,24279,50,215,7519,"BRM.AI1",255,255,255,255,4734,255,255,9618,1374,249.93,253.36,29373,979.1
"BRM","CI1","","",345,580,345,9446,"","",0,"BRM.CI1",345,345,345,345,800,309.63,312.93,1952,278.86,309.58,300.5,7151,238.37
"BRM","CI2","","",420,"","",0,200,250,1200,"BRM.CI2","","","","","","","","","","","","",""
"BRM","IC1","","",304.58,55,439,13533,1455,300,4785,"BRM.IC1",310,300,310,300,1319,358.5,343.59,4441,634.43,371.13,379.11,24457,815.23
"BRM","NC1","","",275,2809,275,30298,200,181,12200,"BRM.NC1",274,275,275,274,2489,273.89,274.27,7912,1130.29,279.82,252.18,36798,1226.6
"BRM","NC2","","",175,105,240,105,50,215,50,"BRM.NC2","","","","","","","","","",171.33,173.13,160,5.33
"BRO","AI1","","",2200,29,2200,5932,250,1810,500,"BRO.AI1","","","","","",2200,2200,16,2.29,2230,2265.31,1907,63.57
"BRO","CI1","","",2000,309,2630,4266,200,2350,200,"BRO.CI1","","","","","",2492.5,2484.29,156,22.29,2463.93,2453.73,671,22.37
"BRO","CI2","","",2500,"","",0,"","",0,"BRO.CI2","","","","","","","","","","","","",""
"BRO","IC1","","",2620.13,72,2690,2130,500,1800,509,"BRO.IC1",2500,2690,2690,2500,70,2595,2612.43,70,10,2346,2572.66,241,8.03
"BRO","NC1","","",2110,15,2210,4757,243,2110,2298,"BRO.NC1",2110,2110,2110,2110,48,2170,2160.17,302,43.14,2301.44,2365.04,3039,101.3
"BRO","NC2","","",830.05,"","",0,"","",0,"BRO.NC2","","","","","","","","","","","","",""
"BRP","AI1","","",7950,49,7950,425,"","",0,"BRP.AI1","","","","","","","","","",8000,8000,8,0.27
"BRP","CI1","","",4000,"","",0,200,7500,200,"BRP.CI1","","","","","","","","","","","","",""
"BRP","CI2","","",2661.34,"","",0,"","",0,"BRP.CI2","","","","","","","","","","","","",""
"BRP","IC1","","",7500,54,7500,54,"","",0,"BRP.IC1","","","","","","","","","",7500,7500,2,0.07
"BRP","NC1","","",7500,"","",0,11,7500,11,"BRP.NC1","","","","","","","","","",7500,7500,149,4.97
"BRP","NC2","","",2661.34,"","",0,"","",0,"BRP.NC2","","","","","","","","","","","","",""
"BRS","AI1","","",570000,1,570000,8,1,300000,2,"BRS.AI1","","","","","","","","","",570000,570000,1,0.03
"BRS","CI1","","",420000,7,579000,9,"","",0,"BRS.CI1","","","","","","","","","",420000,420000,1,0.03
"BRS","CI2","","",128580.32,"","",0,"","",0,"BRS.CI2","","","","","","","","","","","","",""
"BRS","IC1","","",550000,1,550000,7,"","",0,"BRS.IC1","","","","","","","","","",550000,550000,1,0.03
"BRS","NC1","","",599000,2,600000,2,1,350000,2,"BRS.NC1","","","","","",599000,599000,1,0.14,580750,580750,4,0.13
"BRS","NC2","","",128580.32,"","",0,"","",0,"BRS.NC2","","","","","","","","","","","","",""
"BSC","AI1","","",49559.38,100,50000,988,100,47100,877,"BSC.AI1","","","","","","","","","",47618.75,48432.69,569,18.97
"BSC","CI1","","",48000,349,48000,1029,4,45000,24,"BSC.CI1","","","","","","","","","",48000,48000,1,0.03
"BSC","CI2","","",14494.9,"","",0,"","",0,"BSC.CI2","","","","","","","","","","","","",""
"BSC","IC1","","",50000,7,50000,17,1,25000,1,"BSC.IC1","","","","","",50000,50000,1,0.14,53375,54445.12,82,2.73
"BSC","NC1","","",40000,177,52000,377,49,40000,49,"BSC.NC1","","","","","",40000,40000,1,0.14,46000,49600,5,0.17
"BSC","NC2","","",14494.9,1,52000,1,"","",0,"BSC.NC2","","","","","","","","","","","","",""
"BSE","AI1",749,3350,2600,74,2600,91739,16,2550,12326,"BSE.AI1",2590,2610,2610,2420,1809,2558.21,2577.56,8838,1262.57,2518.83,2560.13,54050,1801.67
"BSE","CI1",748,3350,2700,7250,2700,47537,48,2610,4757,"BSE.CI1",2690,2700,2700,2610,827,2661.07,2661.7,5088,726.86,2633.08,2628.27,52354,1745.13
"BSE","CI2","","",2700,672,2700,672,4,2160,3886,"BSE.CI2","","","","","",2700,2700,3,0.43,2640,2653.73,817,27.23
"BSE","IC1",749,3350,2590,18681,2590,82129,9,2470,4299,"BSE.IC1",2590,2590,2590,2460,3243,2566.43,2586.12,14057,2008.14,2570.25,2589.91,66366,2212.2
"BSE","NC1",749,3350,2630,242,2630,89647,490,2600,18541,"BSE.NC1",2630,2630,2630,2590,1365,2570.71,2596.49,10751,1535.86,2553.5,2592.39,52320,1744
"BSE","NC2","","",2450,331,2450,3342,25,2310,222,"BSE.NC2",2450,2450,2450,2450,69,2356.25,2527.46,692,98.86,2483.91,2522.37,2369,78.97
"BSU","AI1","","",556074.88,1,500000,1,"","",0,"BSU.AI1","","","","","","","","","","","","",""
"BSU","CI1","","",850000,"","",0,"","",0,"BSU.CI1","","","","","","","","","","","","",""
"BSU","CI2","","",556074.88,"","",0,"","",0,"BSU.CI2","","","","","","","","","","","","",""
"BSU","IC1","","",556074.88,"","",0,"","",0,"BSU.IC1","","","","","","","","","","","","",""
"BSU","NC1","","",556074.88,"","",0,"","",0,"BSU.NC1","","","","","","","","","","","","",""
"BSU","NC2","","",556074.88,"","",0,"","",0,"BSU.NC2","","","","","","","","","","","","",""
"BTA","AI1",882,3170,2760,14,2760,1217,70,2190,2597,"BTA.AI1",2700,2760,2780,2190,68,2550,2566.77,431,61.57,2546.42,2566.95,2323,77.43
"BTA","CI1",880,3170,2710,9,2710,5498,154,2700,2857,"BTA.CI1",2690,2720,2720,2600,1335,2654.64,2689.8,2042,291.71,2517.25,2528.13,9451,315.03
"BTA","CI2","","",2421.63,1249,2650,1249,1000,2100,1000,"BTA.CI2","","","","","","","","","",2350.83,2303.09,1320,44
"BTA","IC1",882,3170,2150,190,2400,1478,3,2160,2345,"BTA.IC1",2680,2400,2680,2150,359,2752.5,2743.16,885,126.43,2481.08,2451.53,6166,205.53
"BTA","NC1",881,3170,2540,182,2540,1342,52,2520,11302,"BTA.NC1",2550,2520,2550,2520,166,2566.43,2602.76,1273,181.86,2371.75,2200.11,8969,298.97
"BTA","NC2","","",2600,2,2600,411,25,1990,35,"BTA.NC2","","","","","",2600,2600,28,4,2200,2117.68,345,11.5
"BTS","AI1","","",721.01,108,899,13101,500,511,4018,"BTS.AI1","","","","","",598.63,598.26,5487,783.86,595.92,595.95,25103,836.77
"BTS","CI1","","",519.24,1989,618,28687,500,521,9195,"BTS.CI1","","","","","",525,526.43,2382,340.29,572.31,553.7,14080,469.33
"BTS","CI2","","",100.35,820,1000000,1640,"","",0,"BTS.CI2","","","","","","","","","","","","",""
"BTS","IC1","","",588.62,463,589,30595,500,511,2800,"BTS.IC1","","","","","",500,500,2000,285.71,568.86,545.85,30257,1008.57
"BTS","NC1","","",617,1172,617,55132,500,551,8589,"BTS.NC1","","","","","",618.88,618.5,748,106.86,623.23,573.64,7351,245.03
"BTS","NC2","","",564,50,623,50,50,564,50,"BTS.NC2","","","","","","","","","",564,564,50,1.67
"BWH","AI1","","",9000,3,9000,203,"","",0,"BWH.AI1","","","","","",9000,9000,1,0.14,9000,9000,5,0.17
"BWH","CI1","","",9000,"","",0,"","",0,"BWH.CI1","","","","","","","","","","","","",""
"BWH","CI2","","",3005.04,"","",0,"","",0,"BWH.CI2","","","","","","","","","","","","",""
"BWH","IC1","","",7500,"","",0,1,10000,1,"BWH.IC1","","","","","","","","","",7500,7500,16,0.53
"BWH","NC1","","",6940.46,1,8990,1,98,3320,171,"BWH.NC1","","","","","","","","","",6600,6700.56,72,2.4
"BWH","NC2","","",3005.04,"","",0,"","",0,"BWH.NC2","","","","","","","","","","","","",""
"BWS","AI1","","",28900,63,28900,474,100,26200,600,"BWS.AI1","","","","","",28900,28900,36,5.14,28750,28730.51,177,5.9
"BWS","CI1","","",27800,46,27800,371,30,18000,30,"BWS.CI1",27800,27800,27800,27800,4,27900,27885.71,7,1,28319.23,28183.33,102,3.4
"BWS","CI2","","",30000,"","",0,100,22100,105,"BWS.CI2","","","","","","","","","","","","",""
"BWS","IC1","","",27500,94,27500,94,1,22700,169,"BWS.IC1","","","","","",27500,27500,36,5.14,27379.55,27262.73,161,5.37
"BWS","NC1","","",28464.29,8,29000,462,2,24100,267,"BWS.NC1","","","","","",29250,29638.3,47,6.71,28972.62,28720.85,331,11.03
"BWS","NC2","","",23000,52,30000,52,"","",0,"BWS.NC2","","","","","","","","","","","","",""
"C","AI1",225,"",1100,2830,1100,133120,175,1020,31307,"C.AI1",1080,1100,1120,1010,9317,1110.36,1116.2,42017,6002.43,1140.25,1142.2,252312,8410.4
"C","CI1",225,"",1190,833,1190,69337,41,1110,35569,"C.CI1",1110,1180,1190,1090,6589,1115.36,1106.2,42659,6094.14,1199.5,1201.43,180058,6001.93
"C","CI2","","",1300,530,1300,6418,1000,1050,1000,"C.CI2","","","","","",1200,1194.79,422,60.29,1254.17,1241.63,5186,172.87
"C","IC1",225,"",1010,1561,1020,78499,352,1010,38822,"C.IC1",1050,1030,1050,1000,11664,1030.36,1027.66,83880,11982.86,1059.25,1058.12,357889,11929.63
"C","NC1",225,"",1090,897,1090,94382,2500,1070,56073,"C.NC1",1100,1100,1100,1060,13225,1151.43,1139.14,47992,6856,1233.75,1239.88,226499,7549.97
"C","NC2","","",1050,2963,1050,3465,"","",0,"C.NC2",1050,1050,1050,1050,156,1013.38,1006.14,2943,420.43,1111.03,1131.1,15022,500.73
"CA","AI1","","",320,133,1890,279,300,600,310,"CA.AI1","","","","","","","","","","","","",""
"CA","CI1","","",2995.5,2,2800,542,495,500,605,"CA.CI1","","","","","",2857.5,2798.69,297,42.43,2772.14,2535.72,458,15.27
"CA","CI2","","",101,"","",0,"","",0,"CA.CI2","","","","","","","","","","","","",""
"CA","IC1","","",1500,177,1500,177,39,800,275,"CA.IC1","","","","","",1423.33,1333.41,214,30.57,1068.33,815.34,1659,55.3
"CA","NC1","","",1400,205,1400,405,1549,212,4794,"CA.NC1",1400,1400,1400,1400,10,1187.5,1065.84,243,34.71,910.25,938.14,533,17.77
"CA","NC2","","",991.34,15,1000,15,15,703,15,"CA.NC2","","","","","","","","","","","","",""
"CAF","AI1","","",1842.86,1589,1850,19430,37,1500,923,"CAF.AI1",1830,1850,1850,1830,259,1812.08,1821.28,2554,364.86,1751.79,1817.04,11642,388.07
"CAF","CI1","","",1820,2038,1820,14795,15,1720,5547,"CAF.CI1",1810,1820,1820,1810,164,1817.86,1817.76,1797,256.71,1821.42,1799.74,10528,350.93
"CAF","CI2","","",1000,246,1700,1610,"","",0,"CAF.CI2","","","","","","","","","","","","",""
"CAF","IC1","","",1650,205,1650,13676,102,1470,5442,"CAF.IC1",1650,1410,1650,1410,621,1557.5,1532.33,4953,707.57,1600.08,1578.1,18757,625.23
"CAF","NC1","","",1780,26,1780,7135,50,1560,6561,"CAF.NC1",1760,1780,1780,1600,649,1722.86,1767.71,2390,341.43,1711.58,1739.07,10284,342.8
"CAF","NC2","","",1760,300,1760,800,500,1420,1000,"CAF.NC2","","","","","","","","","",1760,1760,200,6.67
"CAP","AI1","","",295,136,294,15730,1000,226,5863,"CAP.AI1","","","","","","","","","",294.75,294.84,3406,113.53
"CAP","CI1","","",280,650,296,2240,405,280,405,"CAP.CI1","","","","","",280,280,225,32.14,298.7,302.94,4219,140.63
"CAP","CI2","","",142.1,"","",0,"","",0,"CAP.CI2","","","","","","","","","","","","",""
"CAP","IC1","","",400,250,390,638,50,280,1962,"CAP.IC1","","","","","",375,384.68,1005,143.57,354.17,332.87,3993,133.1
"CAP","NC1","","",332.72,560,332,26102,1935,276,14705,"CAP.NC1","","","","","",304.25,314.53,201,28.71,321.83,314.15,1175,39.17
"CAP","NC2","","",142.1,100,500,100,"","",0,"CAP.NC2","","","","","","","","","","","","",""
"CBL","AI1",91000,"",92000,1,100000,15,46,92000,356,"CBL.AI1",92000,92000,92000,92000,2,92000,92000,2,0.29,97766.67,102196.15,26,0.87
"CBL","CI1",91000,"",91000,1,97000,10,100,91000,100,"CBL.CI1","","","","","",91033.33,91046.67,15,2.14,91071.43,91070.37,27,0.9
"CBL","CI2","","",91000,"","",0,"","",0,"CBL.CI2","","","","","","","","","","","","",""
"CBL","IC1",91000,"",91099.72,10,94000,72,100,91000,100,"CBL.IC1","","","","","",92000,91325.93,27,3.86,91371.43,91206.78,59,1.97
"CBL","NC1",91000,"",94000,9,94000,154,20,91100,320,"CBL.NC1","","","","","",94000,94000,1,0.14,91840,91086.51,393,13.1
"CBL","NC2","","",92000,"","",0,"","",0,"CBL.NC2","","","","","","","","","","","","",""
"CBM","AI1",63000,"",74000,7,74000,93,3,64000,123,"CBM.AI1","","","","","",74000,74000,3,0.43,74000,74000,3,0.1
"CBM","CI1",63000,"",63000,4,65000,327,100,63000,100,"CBM.CI1","","","","","",63000,63000,18,2.57,63000,63000,94,3.13
"CBM","CI2","","",29533.97,"","",0,"","",0,"CBM.CI2","","","","","","","","","","","","",""
"CBM","IC1",63000,"",63100,"","",0,1,65000,111,"CBM.IC1","","","","","","","","","","","","",""
"CBM","NC1",63000,"",66000,155,66000,214,100,63000,100,"CBM.NC1","","","","","",66000,66000,12,1.71,64000,63720,50,1.67
"CBM","NC2","","",29533.97,5,69900,5,"","",0,"CBM.NC2","","","","","","","","","","","","",""
"CBS","AI1",42000,"",42000,257,42900,527,100,42000,100,"CBS.AI1","","","","","",42225,42010.47,86,12.29,42118.42,42023.21,853,28.43
"CBS","CI1",42000,"",42000,97,43900,325,100,42000,100,"CBS.CI1","","","","","",42000,42000,75,10.71,42150,42014.02,214,7.13
"CBS","CI2","","",17919.9,2,49000,7,"","",0,"CBS.CI2","","","","","","","","","","","","",""
"CBS","IC1",42000,"",42000,2,43000,66,100,42000,100,"CBS.IC1","","","","","",42000,42000,302,43.14,42016.67,42001.13,887,29.57
"CBS","NC1",42000,"",42000,122,43000,122,100,42000,100,"CBS.NC1","","","","","",42125,42007.8,513,73.29,42108.7,42007.38,2575,85.83
"CBS","NC2","","",17919.9,10,43000,10,"","",0,"CBS.NC2","","","","","","","","","","","","",""
"CBU","AI1","","",470000,1,699000,92,10,430000,50,"CBU.AI1","","","","","","","","","","","","",""
"CBU","CI1","","",640000,1,699000,61,10,430000,30,"CBU.CI1","","","","","","","","","","","","",""
"CBU","CI2","","",174192.88,"","",0,"","",0,"CBU.CI2","","","","","","","","","","","","",""
"CBU","IC1","","",699000,130,700000,130,10,420000,60,"CBU.IC1","","","","","","","","","","","","",""
"CBU","NC1","","",680000,54,680000,189,10,440000,51,"CBU.NC1","","","","","","","","","","","","",""
"CBU","NC2","","",174192.88,"","",0,"","",0,"CBU.NC2","","","","","","","","","","","","",""
"CC","AI1",650000,"",650000,"","",0,100,650000,100,"CC.AI1","","","","","",650000,650000,2,0.29,650000,650000,16,0.53
"CC","CI1",650000,"",650000,1,700000,1,100,650000,100,"CC.CI1","","","","","","","","","",650000,650000,1,0.03
"CC","CI2","","",331160.12,"","",0,"","",0,"CC.CI2","","","","","","","","","","","","",""
"CC","IC1",650000,"",650000,1,750000,1,100,650000,100,"CC.IC1","","","","","","","","","",650000,650000,9,0.3
"CC","NC1",650000,"",650000,5,750000,5,100,650000,100,"CC.NC1","","","","","","","","","","","","",""
"CC","NC2","","",331160.12,"","",0,"","",0,"CC.NC2","","","","","","","","","","","","",""
"CCD","AI1",80000,"",80100,180,80500,190,688,80100,968,"CCD.AI1",80100,80100,80100,80100,27,80204.17,80142.87,1290,184.29,80175.86,80106.92,7388,246.27
"CCD","CI1",80000,"",80000,3,84700,3,100,80000,100,"CCD.CI1",80000,80000,80000,80000,56,80008.33,80007.49,1002,143.14,80094.23,80072.26,4867,162.23
"CCD","CI2","","",27594.74,"","",0,"","",0,"CCD.CI2","","","","","","","","","","","","",""
"CCD","IC1",80000,"",80000,24,84000,37,100,80000,100,"CCD.IC1",80000,80000,80000,80000,94,80030,80016.52,1168,166.86,80082.69,80068.36,5973,199.1
"CCD","NC1",80000,"",80165,"","",0,14,80100,267,"CCD.NC1","","","","","",80150,80100.61,978,139.71,80163.16,80124.29,3326,110.87
"CCD","NC2","","",27594.74,"","",0,"","",0,"CCD.NC2","","","","","","","","","","","","",""
"CD","AI1","","",22908.67,146,23500,257,10,20000,110,"CD.AI1","","","","","","","","","",23158.33,22628.57,7,0.23
"CD","CI1","","",13165.52,2,24900,99,20,19100,21,"CD.CI1","","","","","","","","","",15000,10243.9,41,1.37
"CD","CI2","","",7893.7,"","",0,"","",0,"CD.CI2","","","","","","","","","","","","",""
"CD","IC1","","",25000,1,25000,1,1,20000,1,"CD.IC1","","","","","","","","","","","","",""
"CD","NC1","","",19909.31,3,20000,40,6,19000,26,"CD.NC1","","","","","","","","","",19875,19866.67,30,1
"CD","NC2","","",13200,"","",0,"","",0,"CD.NC2","","","","","","","","","","","","",""
"CF","AI1","","",8500,4,8400,2154,400,6500,616,"CF.AI1",7000,8500,8600,3400,880,7502.08,7061.07,1046,149.43,8340.36,8249.41,2882,96.07
"CF","CI1","","",8500,7,8880,1255,46,8500,46,"CF.CI1",8500,8500,8500,8500,20,8580,8621,40,5.71,8843.61,8954.36,978,32.6
"CF","CI2","","",9000,"","",0,"","",0,"CF.CI2","","","","","","","","","","","","",""
"CF","IC1","","",9985.88,13,11100,87,80,7000,211,"CF.IC1",9000,11100,11100,9000,119,8850,9143.01,186,26.57,9171.43,9078.64,508,16.93
"CF","NC1","","",8990,5,8990,913,200,8500,720,"CF.NC1",8500,8500,8500,8500,886,8842.5,8687.75,1417,202.43,8965.6,8797.9,2259,75.3
"CF","NC2","","",7850,"","",0,"","",0,"CF.NC2","","","","","","","","","","","","",""
"CHA","AI1","","",69400,150,57000,524,20,35000,153,"CHA.AI1","","","","","","","","","",58700,52458.33,24,0.8
"CHA","CI1","","",50000,18,50000,38,"","",0,"CHA.CI1","","","","","","","","","",49975,49937.5,32,1.07
"CHA","CI2","","",21001.5,"","",0,"","",0,"CHA.CI2","","","","","","","","","","","","",""
"CHA","IC1","","",30000,100,69900,155,20,35000,20,"CHA.IC1","","","","","","","","","",30000,30000,5,0.17
"CHA","NC1","","",88933.33,4,89700,109,"","",0,"CHA.NC1",88900,89000,89000,88900,6,46316.67,50900,15,2.14,49737.5,51468.75,16,0.53
"CHA","NC2","","",21001.5,"","",0,"","",0,"CHA.NC2","","","","","","","","","","","","",""
"CL","AI1","","",4937.3,53,4940,13455,292,4320,7448,"CL.AI1",4860,4930,4940,4320,876,4816.43,4855.08,4611,658.71,4501.83,4510.47,24344,811.47
"CL","CI1","","",5000,7,5000,16194,150,4390,3060,"CL.CI1",5000,4990,5000,4980,112,4923.93,4943.27,2872,410.29,4580.75,4607.98,17635,587.83
"CL","CI2","","",4600,2956,4600,3486,180,2300,180,"CL.CI2","","","","","","","","","",4595,4597.94,126,4.2
"CL","IC1","","",4680,219,4680,5031,80,4250,9784,"CL.IC1",4740,4750,4750,4740,81,4594.29,4687.36,2865,409.29,4391.92,4405.46,19086,636.2
"CL","NC1","","",5002.54,178,5010,16652,100,4310,8556,"CL.NC1",4980,5000,5000,4890,934,4844.29,4748.37,6422,917.43,4481.08,4498.56,33780,1126
"CL","NC2","","",5000,14,4860,126,50,4400,150,"CL.NC2","","","","","","","","","",4705,4783.42,158,5.27
"CLI","AI1",51,"",350,756,350,37258,24,223,2586,"CLI.AI1",490,350,490,350,217,474.88,475.01,754,107.71,387.86,333.18,8047,268.23
"CLI","CI1",51,"",300,3312,300,33425,1000,226,8099,"CLI.CI1",300,300,300,300,75,300,300,1895,270.71,317.05,312.57,11481,382.7
"CLI","CI2","","",170,2066,450,2066,246,170,2246,"CLI.CI2","","","","","","","","","","","","",""
"CLI","IC1",51,"",345,219,345,3246,346,200,6484,"CLI.IC1",203,345,345,200,258,295.75,324.34,1961,280.14,261.78,258.47,17922,597.4
"CLI","NC1",51,"",325.94,825,339,9134,150,270,13743,"CLI.NC1",320,320,320,320,150,321,302.26,2027,289.57,327.22,320.36,11146,371.53
"CLI","NC2","","",267,1184,299,2687,100,213,190,"CLI.NC2","","","","","","","","","","","","",""
"COF","AI1","","",1160,2106,1160,59161,440,1010,15651,"COF.AI1",1120,1170,1170,1020,12169,1141.79,1141.94,34380,4911.43,1051.92,1063.97,121585,4052.83
"COF","CI1","","",1020,425,1020,83187,20,993,4549,"COF.CI1",1000,1000,1000,997,3595,1015.79,1017.39,18335,2619.29,999.93,1000.8,95423,3180.77
"COF","CI2","","",1000,652,1000,652,"","",0,"COF.CI2",1050,1000,1050,1000,123,1005,1013.33,679,97,1006.37,995.68,4276,142.53
"COF","IC1","","",1080,160,1080,13718,50,994,8030,"COF.IC1",1080,1080,1100,992,6666,1043.21,1055.88,29377,4196.71,982.73,983.29,168341,5611.37
"COF","NC1","","",1150,200,1100,28855,7,1050,9765,"COF.NC1",1180,1190,1190,1040,3327,1095.25,1086.2,27945,3992.14,1051.31,1059.57,115020,3834
"COF","NC2","","",925,861,925,5105,1000,924,3998,"COF.NC2",925,925,925,925,40,925,925,3500,500,937.46,937.29,7280,242.67
"COM","AI1","","",130683.33,2,130000,127,20,100000,20,"COM.AI1","","","","","",130500,130818.18,33,4.71,126602.94,126226.09,115,3.83
"COM","CI1","","",134000,3,134000,88,3,110000,3,"COM.CI1","","","","","",121333.33,121000,8,1.14,121517.86,112100.92,109,3.63
"COM","CI2","","",250000,"","",0,"","",0,"COM.CI2","","","","","","","","","","","","",""
"COM","IC1","","",140000,6,140000,11,1,125000,7,"COM.IC1",140000,140000,140000,140000,3,136166.67,135500,12,1.71,129590.91,129381.58,76,2.53
"COM","NC1","","",128000,3,128000,209,6,111000,80,"COM.NC1",128000,128000,128000,128000,1,128750,128952.38,21,3,128381.58,126806.82,88,2.93
"COM","NC2","","",116000,"","",0,"","",0,"COM.NC2","","","","","","","","","","","","",""
"COT","AI1","","",5753.04,71,5780,3329,16,3810,4717,"COT.AI1",5500,5780,5780,5500,459,5353,5397.39,751,107.29,4860.8,4767.08,8845,294.83
"COT","CI1","","",4000,38,4000,7774,40,3360,1629,"COT.CI1",4200,3600,4200,3600,186,4082.5,4143.05,1360,194.29,3888.45,3926.82,8820,294
"COT","CI2","","",3000,500,4000,500,"","",0,"COT.CI2","","","","","","","","","","","","",""
"COT","IC1","","",4770,100,4740,1261,200,3620,814,"COT.IC1",4770,4700,4770,4700,51,4446.67,4546.25,459,65.57,5604.02,6115.39,5874,195.8
"COT","NC1","","",4730,1,4730,16890,50,3330,2470,"COT.NC1",4700,4730,4750,4700,516,4617,4068.65,2073,296.14,4345.27,4299.26,8983,299.43
"COT","NC2","","",6000,108,6000,108,50,2940,50,"COT.NC2","","","","","","","","","",6000,6000,170,5.67
"CPU","AI1","","",1426422.5,"","",0,"","",0,"CPU.AI1","","","","","","","","","","","","",""
"CPU","CI1","","",1426422.5,"","",0,"","",0,"CPU.CI1","","","","","","","","","","","","",""
"CPU","CI2","","",1426422.5,"","",0,"","",0,"CPU.CI2","","","","","","","","","","","","",""
"CPU","IC1","","",1426422.5,"","",0,"","",0,"CPU.IC1","","","","","","","","","","","","",""
"CPU","NC1","","",1426422.5,"","",0,"","",0,"CPU.NC1","","","","","","","","","","","","",""
"CPU","NC2","","",1426422.5,"","",0,"","",0,"CPU.NC2","","","","","","","","","","","","",""
"CQL","AI1","","",1993652.75,1,1890000,27,"","",0,"CQL.AI1","","","","","","","","","",1992500,1992000,5,0.17
"CQL","CI1","","",1770000,1,1770000,7,1,1600000,4,"CQL.CI1","","","","","",1770000,1770000,1,0.14,1760714.29,1758181.82,11,0.37
"CQL","CI2","","",1000000,"","",0,"","",0,"CQL.CI2","","","","","","","","","","","","",""
"CQL","IC1","","",1800000,1,1800000,4,1,800000,1,"CQL.IC1",1800000,1800000,1800000,1800000,1,1800000,1800000,2,0.29,1800000,1800000,2,0.07
"CQL","NC1","","",1790000,2,1800000,7,1,1630000,1,"CQL.NC1",1790000,1790000,1790000,1790000,1,1790000,1790000,1,0.14,1825000,1825000,2,0.07
"CQL","NC2","","",638520.44,"","",0,"","",0,"CQL.NC2","","","","","","","","","","","","",""
"CQM","AI1","","",1000000,2,1550000,36,1,900000,2,"CQM.AI1","","","","","",1430000,1380000,3,0.43,1430000,1380000,3,0.1
"CQM","CI1","","",1440000,1,1500000,26,"","",0,"CQM.CI1","","","","","",1500000,1500000,1,0.14,1545000,1525000,16,0.53
"CQM","CI2","","",875000,"","",0,"","",0,"CQM.CI2","","","","","","","","","","","","",""
"CQM","IC1","","",1651480.25,1,1890000,3,1,750000,1,"CQM.IC1","","","","","","","","","",1650000,1650000,2,0.07
"CQM","NC1","","",1600000,2,1600000,9,1,663000,3,"CQM.NC1","","","","","",1300000,1300000,2,0.29,1601250,1601250,8,0.27
"CQM","NC2","","",484121.62,"","",0,"","",0,"CQM.NC2","","","","","","","","","","","","",""
"CQS","AI1","","",1880000,1,1880000,3,1,860000,2,"CQS.AI1","","","","","",1880000,1880000,1,0.14,1873333.33,1873333.33,3,0.1
"CQS","CI1","","",2090000,5,1870000,7,1,900000,4,"CQS.CI1","","","","","","","","","",1995000,1995000,2,0.07
"CQS","CI2","","",800000,"","",0,1,600000,1,"CQS.CI2","","","","","","","","","","","","",""
"CQS","IC1","","",1485217.75,3,1800000,7,1,900000,2,"CQS.IC1","","","","","","","","","",1485000,1485000,4,0.13
"CQS","NC1","","",1638286.25,1,1650000,6,"","",0,"CQS.NC1","","","","","","","","","",1695000,1672500,4,0.13
"CQS","NC2","","",378967.38,"","",0,"","",0,"CQS.NC2","","","","","","","","","","","","",""
"CQT","AI1","","",407000,2,375000,6,"","",0,"CQT.AI1","","","","","",407000,407000,1,0.14,407000,407000,2,0.07
"CQT","CI1","","",498000,10,400000,13,1,150000,4,"CQT.CI1","","","","","","","","","","","","",""
"CQT","CI2","","",250000,"","",0,"","",0,"CQT.CI2","","","","","","","","","","","","",""
"CQT","IC1","","",495000,1,493000,3,"","",0,"CQT.IC1","","","","","","","","","","","","",""
"CQT","NC1","","",510000,"","",0,1,102000,5,"CQT.NC1","","","","","","","","","","","","",""
"CQT","NC2","","",107765.77,"","",0,"","",0,"CQT.NC2","","","","","","","","","","","","",""
"CRU","AI1",200000,"",200000,1,340000,4,100,200000,100,"CRU.AI1","","","","","",200000,200000,1,0.14,200000,200000,1,0.03
"CRU","CI1",200000,"",200000,1,298000,2,100,200000,100,"CRU.CI1","","","","","","","","","","","","",""
"CRU","CI2","","",139438.88,"","",0,"","",0,"CRU.CI2","","","","","","","","","","","","",""
"CRU","IC1",200000,"",139438.88,1,370000,1,100,200000,100,"CRU.IC1","","","","","","","","","","","","",""
"CRU","NC1",200000,"",210000,7,260000,12,100,200000,100,"CRU.NC1","","","","","",210000,210000,21,3,210000,210000,21,0.7
"CRU","NC2","","",139438.88,"","",0,"","",0,"CRU.NC2","","","","","","","","","","","","",""
"CST","AI1","","",2500,76,2500,77,"","",0,"CST.AI1","","","","","","","","","","","","",""
"CST","CI1","","",1800,218,1500,343,4,100,4,"CST.CI1","","","","","","","","","","","","",""
"CST","CI2","","",2923.84,"","",0,"","",0,"CST.CI2","","","","","","","","","","","","",""
"CST","IC1","","",2240,34,2240,121,5,240,5,"CST.IC1","","","","","",2240,2240,5,0.71,2240,2240,13,0.43
"CST","NC1","","",1500,57,2000,112,"","",0,"CST.NC1","","","","","","","","","","","","",""
"CST","NC2","","",2923.84,"","",0,"","",0,"CST.NC2","","","","","","","","","","","","",""
"CTF","AI1","","",21705.36,232,30000,577,26,21000,126,"CTF.AI1",22000,21000,22000,21000,56,24500,22773.2,97,13.86,24121.88,23789.47,570,19
"CTF","CI1","","",25900,220,26000,1047,25,19500,25,"CTF.CI1","","","","","",25900,25900,100,14.29,22690,23024.04,674,22.47
"CTF","CI2","","",16000,"","",0,"","",0,"CTF.CI2","","","","","","","","","","","","",""
"CTF","IC1","","",36000,95,36000,386,6,26200,246,"CTF.IC1","","","","","",31000,29333.33,15,2.14,28625,26123.97,121,4.03
"CTF","NC1","","",30964.53,105,31000,878,10,24000,199,"CTF.NC1","","","","","",27475,29249.57,115,16.43,28909.09,29190.82,403,13.43
"CTF","NC2","","",20500,10,60000,10,"","",0,"CTF.NC2","","","","","","","","","","","","",""
"CU","AI1","","",1600,1978,1600,26550,17,1410,3611,"CU.AI1",1580,1580,1590,1580,924,1579.17,1549.75,7469,1067,1525.86,1538.68,24503,816.77
"CU","CI1","","",1800,662,1800,7587,3,1750,428,"CU.CI1",1800,1800,1800,1800,155,1762,1736.41,1442,206,1769.9,1760.99,6425,214.17
"CU","CI2","","",2000,335,1900,1133,"","",0,"CU.CI2","","","","","","","","","",2000,2000,225,7.5
"CU","IC1","","",1810,120,1810,16545,126,1660,477,"CU.IC1",1800,1800,1800,1800,59,1759.29,1781.55,1115,159.29,1823.04,1825.62,4351,145.03
"CU","NC1","","",1600,157,1600,18289,413,1290,1913,"CU.NC1",1290,1660,1660,1290,324,1529.58,1574.32,2350,335.71,1572.5,1591.26,15610,520.33
"CU","NC2","","",3000,"","",0,50,1500,100,"CU.NC2","","","","","","","","","",3000,3000,59,1.97
"CUO","AI1",63,"",244.54,1370,245,69844,340,217,22950,"CUO.AI1",245,245,245,244,762,295,276.74,4244,606.29,269.39,254.81,32645,1088.17
"CUO","CI1",63,"",286,616,284,12823,1000,251,3601,"CUO.CI1","","","","","",291,291,200,28.57,298.29,243.26,1733,57.77
"CUO","CI2","","",163,246,250,2492,"","",0,"CUO.CI2","","","","","","","","","","","","",""
"CUO","IC1",63,"",287.89,200,290,24190,250,240,850,"CUO.IC1",290,250,290,250,1525,286.17,277.51,2800,400,301.21,303.64,17291,576.37
"CUO","NC1",63,"",235,525,235,69367,960,211,17971,"CUO.NC1",211,230,230,211,1557,232.5,220.14,13244,1892,242.79,233.63,48553,1618.43
"CUO","NC2","","",386.4,"","",0,179,204,179,"CUO.NC2","","","","","","","","","",377,395.63,221,7.37
"DA","AI1","","",68000,27,68000,57,14,57500,64,"DA.AI1",68000,68000,68000,68000,3,64333.33,65500,26,3.71,64500,65481.48,27,0.9
"DA","CI1","","",60000,10,70000,149,30,60100,60,"DA.CI1","","","","","",60000,60000,20,2.86,57990,58360.98,41,1.37
"DA","CI2","","",45000,"","",0,"","",0,"DA.CI2","","","","","","","","","","","","",""
"DA","IC1","","",75000,25,75000,25,20,42000,22,"DA.IC1","","","","","",74250,74000,18,2.57,73900,74052.63,57,1.9
"DA","NC1","","",69000,6,69000,162,16,63000,90,"DA.NC1",69000,69000,69000,69000,5,69000,69000,29,4.14,69583.33,69446.77,62,2.07
"DA","NC2","","",26164.14,"","",0,"","",0,"DA.NC2","","","","","","","","","","","","",""
"DCH","AI1","","",23000,512,23900,1089,147,23000,222,"DCH.AI1","","","","","",23000,23000,52,7.43,23633.33,23504.76,126,4.2
"DCH","CI1","","",23900,1,23900,41,"","",0,"DCH.CI1","","","","","",23900,23900,2,0.29,24066.67,24025,4,0.13
"DCH","CI2","","",8996.76,"","",0,"","",0,"DCH.CI2","","","","","","","","","","","","",""
"DCH","IC1","","",25400,"","",0,"","",0,"DCH.IC1","","","","","","","","","","","","",""
"DCH","NC1","","",22000,1,24900,104,14,22400,14,"DCH.NC1","","","","","","","","","","","","",""
"DCH","NC2","","",8996.76,"","",0,"","",0,"DCH.NC2","","","","","","","","","","","","",""
"DCL","AI1","","",8452.7,24,8430,3526,200,6000,200,"DCL.AI1","","","","","",8450,8455.04,127,18.14,8456.67,8457.69,428,14.27
"DCL","CI1","","",5500,10,6730,595,76,5500,76,"DCL.CI1","","","","","",6125,6125,4,0.57,6330,6250.7,71,2.37
"DCL","CI2","","",3482.63,"","",0,"","",0,"DCL.CI2","","","","","","","","","","","","",""
"DCL","IC1","","",8950,50,8940,437,7,6100,32,"DCL.IC1","","","","","",8950,8950,29,4.14,9698.57,9680.28,176,5.87
"DCL","NC1","","",7680,6,7680,2929,443,6500,1515,"DCL.NC1","","","","","",7561.25,6933.77,215,30.71,7432.65,7017.14,412,13.73
"DCL","NC2","","",3482.63,10,6790,10,"","",0,"DCL.NC2","","","","","","","","","","","","",""
"DCM","AI1","","",6200,40,6820,4243,627,6200,4050,"DCM.AI1",6200,6200,6830,6200,144,6610.42,6545.57,1792,256,6657.5,6595.65,5720,190.67
"DCM","CI1","","",5500,40,6350,190,461,5500,2557,"DCM.CI1",5500,5500,5500,5500,2,5923.75,5875.28,1114,159.14,6246.36,6168.43,2205,73.5
"DCM","CI2","","",3500,"","",0,"","",0,"DCM.CI2","","","","","","","","","","","","",""
"DCM","IC1","","",6290,284,6290,3844,3958,5700,5754,"DCM.IC1",5700,5700,5700,5700,34,6030,5797.65,51,7.29,5868.13,5366.84,152,5.07
"DCM","NC1","","",6450,3,6450,2273,988,5700,2354,"DCM.NC1","","","","","",6363.75,6449.22,486,69.43,6311.07,6326.54,957,31.9
"DCM","NC2","","",4900,"","",0,"","",0,"DCM.NC2","","","","","","","","","","","","",""
"DCS","AI1","","",2080,25,2080,14581,368,1800,1694,"DCS.AI1",2090,2090,2090,2090,48,2094.64,2097.62,1148,164,2098.37,2048.62,9098,303.27
"DCS","CI1","","",2050,235,2250,4633,422,2050,622,"DCS.CI1",2050,2050,2050,2050,2,2117,2153.75,416,59.43,2221.18,2230.09,1916,63.87
"DCS","CI2","","",1500,"","",0,"","",0,"DCS.CI2","","","","","","","","","","","","",""
"DCS","IC1","","",2500,22,3000,527,80,1950,4146,"DCS.IC1",2000,3000,3000,1950,40,3103.13,3320.97,185,26.43,3328.21,3513.61,512,17.07
"DCS","NC1","","",2751.9,1605,2790,3585,157,2130,2553,"DCS.NC1",2700,2790,2790,2700,56,2719,2705.9,251,35.86,2718.06,2680.88,1200,40
"DCS","NC2","","",1840,"","",0,"","",0,"DCS.NC2","","","","","","","","","","","","",""
"DD","AI1","","",37000,20,35000,54,"","",0,"DD.AI1","","","","","","","","","","","","",""
"DD","CI1","","",37000,20,37000,33,"","",0,"DD.CI1","","","","","","","","","","","","",""
"DD","CI2","","",25000,"","",0,"","",0,"DD.CI2","","","","","","","","","","","","",""
"DD","IC1","","",30000,5,38000,19,"","",0,"DD.IC1","","","","","","","","","","","","",""
"DD","NC1","","",40900,1,34000,81,"","",0,"DD.NC1","","","","","","","","","","","","",""
"DD","NC2","","",26664.98,"","",0,"","",0,"DD.NC2","","","","","","","","","","","","",""
"DDT","AI1","","",4330,80,4330,10194,85,4000,3605,"DDT.AI1",4010,4030,4030,4000,1044,4191.07,4119.65,2709,387,4259.92,4233.3,12190,406.33
"DDT","CI1","","",4240,20,4240,10946,250,3950,3573,"DDT.CI1",4220,4240,4240,4100,519,4151.25,4091.77,1731,247.29,4284.4,4234.99,9249,308.3
"DDT","CI2","","",4000,1197,4350,1197,50,3700,1050,"DDT.CI2","","","","","","","","","","","","",""
"DDT","IC1","","",4060,10,4060,16593,2000,3800,4371,"DDT.IC1",4090,4080,4090,4080,632,4058.21,4057.3,6186,883.71,4236.58,4261.4,23122,770.73
"DDT","NC1","","",4500,33,4500,15580,500,3910,7038,"DDT.NC1",4500,4500,4500,4500,111,4048.75,3974.28,6986,998,4081.39,4009.28,20405,680.17
"DDT","NC2","","",4220,360,4070,1665,100,3700,100,"DDT.NC2","","","","","","","","","",4220,4220,100,3.33
"DEC","AI1","","",25255.75,16,30800,2193,39,24000,89,"DEC.AI1","","","","","",25250,25006.29,159,22.71,29461.11,29721.46,396,13.2
"DEC","CI1","","",18300,1,23600,900,88,18300,107,"DEC.CI1",18300,18300,22500,18300,137,21933.33,22156.94,353,50.43,24254,24331.36,1285,42.83
"DEC","CI2","","",9363.13,"","",0,"","",0,"DEC.CI2","","","","","","","","","","","","",""
"DEC","IC1","","",30900,28,30900,218,20,23500,564,"DEC.IC1",30900,30900,30900,30900,2,27033.33,24401.59,63,9,26097.5,24087.94,282,9.4
"DEC","NC1","","",28700,1,28800,295,151,24100,456,"DEC.NC1",24200,24100,24200,24100,50,24510,24462.38,101,14.43,27197.5,28371.28,470,15.67
"DEC","NC2","","",40000,34,40000,34,"","",0,"DEC.NC2",40000,40000,40000,40000,10,40000,40000,10,1.43,40000,40000,10,0.33
"DIS","AI1","","",13000,200,12800,679,"","",0,"DIS.AI1","","","","","","","","","",13000,13000,1,0.03
"DIS","CI1","","",9700,3,13500,71,"","",0,"DIS.CI1","","","","","","","","","",16000,16000,1,0.03
"DIS","CI2","","",9500,"","",0,"","",0,"DIS.CI2","","","","","","","","","","","","",""
"DIS","IC1","","",19900,50,19900,71,"","",0,"DIS.IC1","","","","","",19900,19900,2,0.29,19900,19900,2,0.07
"DIS","NC1","","",39000,117,28000,167,"","",0,"DIS.NC1","","","","","","","","","","","","",""
"DIS","NC2","","",20000,4,20000,4,"","",0,"DIS.NC2","","","","","","","","","","","","",""
"DOU","AI1","","",398000,4,350000,21,"","",0,"DOU.AI1","","","","","","","","","","","","",""
"DOU","CI1","","",102013.57,"","",0,"","",0,"DOU.CI1","","","","","","","","","","","","",""
"DOU","CI2","","",102013.57,"","",0,"","",0,"DOU.CI2","","","","","","","","","","","","",""
"DOU","IC1","","",275000,"","",0,"","",0,"DOU.IC1","","","","","","","","","","","","",""
"DOU","NC1","","",500000,53,500000,53,"","",0,"DOU.NC1","","","","","","","","","","","","",""
"DOU","NC2","","",102013.57,"","",0,"","",0,"DOU.NC2","","","","","","","","","","","","",""
"DRF","AI1","","",6400,487,6390,1509,967,5700,2357,"DRF.AI1","","","","","",6400,6400,146,20.86,6289.77,6306.57,1111,37.03
"DRF","CI1","","",5000,20,6840,60,66,5000,66,"DRF.CI1","","","","","","","","","",5000,5000,4,0.13
"DRF","CI2","","",3015.91,"","",0,"","",0,"DRF.CI2","","","","","","","","","","","","",""
"DRF","IC1","","",6565.22,35,6590,52,8,5250,31,"DRF.IC1","","","","","","","","","",6580.56,6579.7,33,1.1
"DRF","NC1","","",6049.44,2,6200,389,7,6000,319,"DRF.NC1","","","","","","","","","",6025,6036.3,146,4.87
"DRF","NC2","","",3500,"","",0,"","",0,"DRF.NC2","","","","","","","","","","","","",""
"DV","AI1","","",12000,838,13000,960,38,12000,38,"DV.AI1","","","","","","","","","",12000,12000,25,0.83
"DV","CI1","","",13000,1,12800,191,"","",0,"DV.CI1","","","","","","","","","","","","",""
"DV","CI2","","",15000,"","",0,"","",0,"DV.CI2","","","","","","","","","","","","",""
"DV","IC1","","",14400,37,14400,174,"","",0,"DV.IC1","","","","","",14400,14400,1,0.14,14400,14400,2,0.07
"DV","NC1","","",12000,49,11900,260,"","",0,"DV.NC1","","","","","","","","","","","","",""
"DV","NC2","","",12324.54,"","",0,"","",0,"DV.NC2","","","","","","","","","","","","",""
"DW","AI1",33.3,212,147,4858,147,512683,1631,145,411428,"DW.AI1",148,148,150,145,56072,155.25,153.59,743783,106254.71,149.41,149.33,2276177,75872.57
"DW","CI1",33.3,212,140,10937,144,182855,30759,140,380782,"DW.CI1",143,143,144,140,47469,144.18,143.51,243113,34730.43,145.93,145.01,1335995,44533.17
"DW","CI2","","",138,3500,138,52213,774,128,774,"DW.CI2",135,138,138,135,10242,135.5,136.14,10542,1506,140.57,140.09,101361,3378.7
"DW","IC1",32.7,208,145,3376,145,328916,160220,140,292662,"DW.IC1",142,145,148,140,76931,141.71,140.15,749290,107041.43,142.75,141.43,2613161,87105.37
"DW","NC1",33.5,213,154,18324,154,354758,50,141,484872,"DW.NC1",154,155,155,143,68038,149,146.71,444629,63518.43,153.49,153.42,1964668,65488.93
"DW","NC2","","",114,10383,135,24383,11067,105,13156,"DW.NC2",131,114,131,114,4500,135.75,137.52,25697,3671,151.7,147.78,62272,2075.73
"EBU","AI1","","",649000,11,274000,49,10,240000,10,"EBU.AI1","","","","","","","","","","","","",""
"EBU","CI1","","",270000,84,270000,84,16,240000,16,"EBU.CI1","","","","","",270000,270000,2,0.29,255000,260000,3,0.1
"EBU","CI2","","",90558.97,"","",0,"","",0,"EBU.CI2","","","","","","","","","","","","",""
"EBU","IC1","","",270000,39,270000,39,13,260000,13,"EBU.IC1","","","","","","","","","",270000,270000,12,0.4
"EBU","NC1","","",260000,9,260000,105,10,220000,10,"EBU.NC1","","","","","","","","","",265000,269803.92,51,1.7
"EBU","NC2","","",90558.97,"","",0,"","",0,"EBU.NC2","","","","","","","","","","","","",""
"EDC","AI1",8000,"",8004.75,387,8500,661,100,8000,100,"EDC.AI1",8010,8010,8010,8010,1,8103,8143.21,84,12,8217.63,8081.72,1258,41.93
"EDC","CI1",8000,"",8100,176,8100,1209,100,8000,100,"EDC.CI1",8100,8100,8100,8100,3,8025,8009.38,32,4.57,8006.94,8000.29,1377,45.9
"EDC","CI2","","",11000,"","",0,"","",0,"EDC.CI2","","","","","","","","","","","","",""
"EDC","IC1",8000,"",8000,1,8400,17,100,8000,100,"EDC.IC1","","","","","",8000,8000,176,25.14,8000,8000,2049,68.3
"EDC","NC1",8000,"",8000,18,9490,271,100,8000,100,"EDC.NC1",9500,9500,9500,9500,2,8750,8005.24,573,81.86,8277.27,8001.84,2982,99.4
"EDC","NC2","","",8216.36,"","",0,"","",0,"EDC.NC2","","","","","","","","","","","","",""
"EES","AI1","","",59400,192,59400,1333,"","",0,"EES.AI1",59400,59400,59400,59400,1,57200,55275,16,2.29,56100,55107.32,41,1.37
"EES","CI1","","",53000,17,57700,323,20,52000,20,"EES.CI1","","","","","",53000,53000,7,1,55325,55130.77,13,0.43
"EES","CI2","","",75000,5,55000,5,"","",0,"EES.CI2","","","","","","","","","","","","",""
"EES","IC1","","",50000,5,69200,6,6,50000,14,"EES.IC1","","","","","",50000,50000,2,0.29,52500,54444.44,18,0.6
"EES","NC1","","",58500,10,58500,184,"","",0,"EES.NC1","","","","","",54250,52833.33,12,1.71,52964.29,52230.77,52,1.73
"EES","NC2","","",48435.5,"","",0,"","",0,"EES.NC2","","","","","","","","","","","","",""
"ENG","AI1","","",850000,10,790000,64,"","",0,"ENG.AI1","","","","","","","","","",850000,850000,1,0.03
"ENG","CI1","","",869000,15,869000,30,"","",0,"ENG.CI1","","","","","","","","","",879000,879000,2,0.07
"ENG","CI2","","",367068.12,"","",0,"","",0,"ENG.CI2","","","","","","","","","","","","",""
"ENG","IC1","","",900000,3,900000,25,1,700000,1,"ENG.IC1",900000,900000,900000,900000,1,900000,900000,1,0.14,900000,900000,1,0.03
"ENG","NC1","","",850000,1,850000,18,"","",0,"ENG.NC1","","","","","",825000,825000,2,0.29,816666.67,816666.67,3,0.1
"ENG","NC2","","",367068.12,"","",0,"","",0,"ENG.NC2","","","","","","","","","","","","",""
"EPO","AI1","","",227.62,5250,227,635907,10000,192,397229,"EPO.AI1",197,228,228,197,27396,198.29,196.84,196480,28068.57,191.24,190.57,811289,27042.97
"EPO","CI1","","",203.83,42956,204,290365,6000,180,156138,"EPO.CI1",204,204,204,170,20985,197.64,198.33,164025,23432.14,196.98,197,568021,18934.03
"EPO","CI2","","",230,4065,230,12954,500,100,500,"EPO.CI2","","","","","",230,230,1000,142.86,230,230,5935,197.83
"EPO","IC1","","",207,7500,205,149101,4000,198,199086,"EPO.IC1",205,207,207,196,34131,202.75,202.75,113384,16197.71,191.63,190.97,526486,17549.53
"EPO","NC1","","",220,2000,219,435488,30000,200,373489,"EPO.NC1",209,215,215,199,47290,213.29,212.23,277245,39606.43,202.74,201.76,1376767,45892.23
"EPO","NC2","","",197,13000,190,21050,1000,181,6000,"EPO.NC2","","","","","","","","","",188.75,195.29,23350,778.33
"ES","AI1","","",2500,910,7500,1011,8,3000,908,"ES.AI1",2500,2500,2500,2500,368,2965,2907.23,1258,179.71,2527.3,2384.64,6400,213.33
"ES","CI1","","",2590,21,2590,2938,30,1700,230,"ES.CI1",2590,2590,2590,2590,129,1985,1551.82,1849,264.14,2560,1893.09,5131,171.03
"ES","CI2","","",2000,100,2500,100,"","",0,"ES.CI2","","","","","","","","","","","","",""
"ES","IC1","","",3100,225,3000,3712,400,1830,2094,"ES.IC1",3100,3100,3100,3100,39,3146,3167.66,504,72,3435,3145.25,2657,88.57
"ES","NC1","","",3650,14,3650,20172,20,2070,1135,"ES.NC1",3690,3650,3690,3650,140,3287.5,3182.28,448,64,3640.79,3406.88,1344,44.8
"ES","NC2","","",1440,"","",0,"","",0,"ES.NC2","","","","","","","","","","","","",""
"ETC","AI1","","",30000,67,39800,258,19,30000,159,"ETC.AI1","","","","","","","","","",36533.33,38400,7,0.23
"ETC","CI1","","",20000,7,33900,173,9,20000,9,"ETC.CI1","","","","","",20000,20000,18,2.57,26505.56,27922.97,283,9.43
"ETC","CI2","","",15000,"","",0,"","",0,"ETC.CI2","","","","","","","","","","","","",""
"ETC","IC1","","",44497.14,6,50000,11,50,18000,55,"ETC.IC1",41900,50000,50000,41900,34,45950,44547.06,34,4.86,35316.67,34603.13,64,2.13
"ETC","NC1","","",42000,61,42000,96,10,25000,296,"ETC.NC1",42000,42000,42000,42000,13,41966.67,41959.57,47,6.71,57393.75,55180.95,147,4.9
"ETC","NC2","","",10273.1,"","",0,"","",0,"ETC.NC2","","","","","","","","","","","","",""
"EXO","AI1","","",476,155,476,18925,262,421,13374,"EXO.AI1",478,476,478,421,1708,474.39,472.07,6842,977.43,463.36,463.38,47750,1591.67
"EXO","CI1","","",448,420,448,13792,500,359,6188,"EXO.CI1",471,430,471,358,2577,451.25,424.47,15104,2157.71,507.29,481.05,51067,1702.23
"EXO","CI2","","",420,159,420,279,"","",0,"EXO.CI2","","","","","",420,420,13,1.86,419.09,419.71,452,15.07
"EXO","IC1","","",360,3265,360,43615,20,200,4521,"EXO.IC1",403,400,403,351,1438,449.36,418.49,12155,1736.43,483.18,457.45,54931,1831.03
"EXO","NC1","","",441,200,430,8012,500,424,24570,"EXO.NC1",449,442,449,431,4193,466,463.18,14693,2099,482.85,482.73,56611,1887.03
"EXO","NC2","","",399.5,168,410,168,200,370,600,"EXO.NC2",380,410,410,380,68,382.5,382.45,392,56,396.17,399.32,2616,87.2
"F","AI1","","",2000,780,2000,1314,500,403,1915,"F.AI1","","","","","","","","","",2000,2000,9,0.3
"F","CI1","","",1500,52,1500,341,500,300,500,"F.CI1","","","","","","","","","",1500,1500,132,4.4
"F","CI2","","",1000,"","",0,"","",0,"F.CI2","","","","","","","","","",1000,1000,181,6.03
"F","IC1","","",2619.86,55,2000,2122,20,800,680,"F.IC1","","","","","",2500,2739.73,73,10.43,2500,2493.83,324,10.8
"F","NC1","","",1500,32,1500,22670,4,762,10995,"F.NC1","","","","","","","","","",1750,1642.86,350,11.67
"F","NC2","","",222.22,1000,2900,8594,200,713,200,"F.NC2","","","","","","","","","","","","",""
"FAL","AI1","","",3117.57,50,3120,11889,194,2000,4314,"FAL.AI1","","","","","",3070,3110.19,616,88,2943.33,3110,789,26.3
"FAL","CI1","","",1810,84,2850,4432,14,1810,611,"FAL.CI1","","","","","",2340,1858.18,132,18.86,2320,2324.73,1488,49.6
"FAL","CI2","","",1026.64,"","",0,"","",0,"FAL.CI2","","","","","","","","","","","","",""
"FAL","IC1","","",3315.44,57,3650,1107,5,1750,205,"FAL.IC1",3000,3650,3650,3000,182,3325,3142.38,210,30,3515.63,3467.27,620,20.67
"FAL","NC1","","",2370.38,431,2400,11137,999,1700,2099,"FAL.NC1",2350,2400,2400,2350,400,2348.33,2351.04,724,103.43,2416.25,2432.55,3112,103.73
"FAL","NC2","","",1026.64,10,2730,10,"","",0,"FAL.NC2","","","","","","","","","","","","",""
"FAN","AI1","","",2410,1497,3090,2645,297,2410,1378,"FAN.AI1","","","","","",2752.5,2877.33,187,26.71,2869.75,2702.29,2008,66.93
"FAN","CI1","","",2200,100,2790,602,152,2200,402,"FAN.CI1","","","","","","","","","",2268.33,2221.41,198,6.6
"FAN","CI2","","",972.26,"","",0,"","",0,"FAN.CI2","","","","","","","","","","","","",""
"FAN","IC1","","",2350,96,2350,971,80,2200,1080,"FAN.IC1","","","","","",2350,2350,80,11.43,2353.41,2337.57,2313,77.1
"FAN","NC1","","",2550,445,2550,2046,979,2250,1979,"FAN.NC1","","","","","",2550,2550,195,27.86,2556.32,2451.76,2734,91.13
"FAN","NC2","","",1000,"","",0,"","",0,"FAN.NC2","","","","","","","","","","","","",""
"FC","AI1","","",6190,78,6170,3108,474,3900,1294,"FC.AI1","","","","","",5860,6228.13,578,82.57,5340.54,5736.61,5047,168.23
"FC","CI1","","",5700,818,5750,2372,200,4900,1068,"FC.CI1","","","","","",5466.67,5592.88,354,50.57,5277.21,5256.29,2541,84.7
"FC","CI2","","",2253.14,180,7200,180,"","",0,"FC.CI2","","","","","","","","","","","","",""
"FC","IC1","","",9996.67,126,8000,177,33,5000,273,"FC.IC1",10000,10000,10000,9990,153,8074.58,9853.82,369,52.71,8029.81,8303.33,1677,55.9
"FC","NC1","","",5690,37,5690,5667,946,4650,2146,"FC.NC1",5690,5690,5690,5690,4,5381.67,5404.63,849,121.29,5352.63,5325.05,2045,68.17
"FC","NC2","","",2253.14,"","",0,"","",0,"FC.NC2","","","","","","","","","","","","",""
"FE","AI1","","",905,9,990,42600,929,905,2929,"FE.AI1",1130,920,1150,920,2828,1027.82,1013.43,8718,1245.43,1020.98,1009.91,33726,1124.2
"FE","CI1","","",1200,48,1200,22131,1159,930,7047,"FE.CI1",935,933,935,930,689,1011.63,963.69,5844,834.86,988.2,984.5,29965,998.83
"FE","CI2","","",950,1165,950,3478,6,900,253,"FE.CI2","","","","","",950,950,20,2.86,933.33,943.22,295,9.83
"FE","IC1","","",952,384,1030,12185,204,952,5850,"FE.IC1",1050,951,1050,927,705,984.79,985.77,7734,1104.86,1006.44,992.5,26303,876.77
"FE","NC1","","",954.28,59,999,25220,369,954,6598,"FE.NC1",952,1080,1080,951,2491,980.82,976.47,13845,1977.86,969.87,973.29,57788,1926.27
"FE","NC2","","",1000,760,990,1347,50,850,60,"FE.NC2","","","","","","","","","",1000,1000,170,5.67
"FEO","AI1",32,"",101,186,102,143744,15,95,32838,"FEO.AI1",102,101,103,90.3,1181,104.2,100.65,3431,490.14,103.66,101.16,42613,1420.43
"FEO","CI1",32,"",96.1,171,102,63644,645,96.1,12348,"FEO.CI1",96.1,102,102,96.1,593,100.84,100.6,2177,311,101.98,101.27,13559,451.97
"FEO","CI2","","",90,1854,90,4854,953,40,953,"FEO.CI2","","","","","","","","","",84.75,81.29,2314,77.13
"FEO","IC1",32,"",109,1551,109,38165,3152,105,11132,"FEO.IC1",118,109,118,105,1300,110.96,111.32,3823,546.14,116.65,115.76,24006,800.2
"FEO","NC1",32,"",87.5,57,100,83042,361,87.5,41928,"FEO.NC1",87.4,104,104,87.4,1304,95.84,97.89,11211,1601.57,97.09,99.56,55637,1854.57
"FEO","NC2","","",130,584,130,5172,250,80,250,"FEO.NC2","","","","","","","","","",128.33,127.13,1740,58
"FET","AI1","","",2300,1098,3600,12620,1023,2300,2019,"FET.AI1","","","","","",2900,2544.32,722,103.14,2840.42,2487.5,3740,124.67
"FET","CI1","","",2800,2014,3900,5721,500,2520,615,"FET.CI1",3890,2800,3900,2800,337,3379.17,2934.26,601,85.86,3282.14,2929.53,932,31.07
"FET","CI2","","",1760.8,"","",0,"","",0,"FET.CI2","","","","","","","","","","","","",""
"FET","IC1","","",4100,121,3500,2534,200,2400,2218,"FET.IC1","","","","","",4100,4100,8,1.14,4100,4100,25,0.83
"FET","NC1","","",3440,20,3440,10747,30,3040,2124,"FET.NC1","","","","","",3468.33,3495.97,1265,180.71,3459.41,3481.85,4058,135.27
"FET","NC2","","",1760.8,"","",0,"","",0,"FET.NC2","","","","","","","","","","","","",""
"FF","AI1",15.9,42.3,33.4,31123,33.4,475395,24881,31.1,1349425,"FF.AI1",32.5,33.4,33.6,31,73338,32.83,32.85,403646,57663.71,32.28,32.73,2045760,68192
"FF","CI1",15.2,40.6,31.7,40000,30,501599,64822,29.6,387823,"FF.CI1",31.6,31.5,31.6,29.6,97499,30.31,30.16,1177726,168246.57,30.37,30.2,3118526,103950.87
"FF","CI2","","",32.9,355,32.9,61338,95071,23,123998,"FF.CI2",32.9,32.9,32.9,32.9,1200,32.9,32.9,7419,1059.86,32.86,32.58,56679,1889.3
"FF","IC1",15.8,42.1,29.7,200,30.8,322123,12779,29.7,709690,"FF.IC1",29.8,30.9,32.6,29.7,87200,31,31.07,484665,69237.86,30.68,30.56,2797843,93261.43
"FF","NC1",15.9,42.3,33.9,42798,33.8,611274,1500,29.5,562592,"FF.NC1",34,33.9,34.1,28.3,53525,32.78,32.04,589604,84229.14,32.61,32.77,2592605,86420.17
"FF","NC2","","",32.8,1114,32.8,213088,4000,29.6,5000,"FF.NC2",32.8,32.8,32.8,32.8,286,32.26,32.19,22280,3182.86,33.2,30.2,117211,3907.03
"FFC","AI1",240000,"",240000,1,338000,23,100,240000,100,"FFC.AI1","","","","","",289500,289500,2,0.29,327111.11,329090.91,11,0.37
"FFC","CI1",240000,"",329000,9,330000,15,100,240000,100,"FFC.CI1","","","","","",300000,300000,2,0.29,321222.22,317000,23,0.77
"FFC","CI2","","",144217.3,"","",0,"","",0,"FFC.CI2","","","","","","","","","","","","",""
"FFC","IC1",240000,"",320000,1,330000,7,100,240000,100,"FFC.IC1",320000,320000,320000,320000,1,304166.67,281428.57,7,1,277916.67,258947.37,19,0.63
"FFC","NC1",240000,"",320000,1,320000,11,1,290000,106,"FFC.NC1",320000,320000,320000,320000,1,320000,320000,2,0.29,313000,312000,15,0.5
"FFC","NC2","","",144217.3,"","",0,"","",0,"FFC.NC2","","","","","","","","","","","","",""
"FIM","AI1","","",2800,303,2780,17881,280,2610,16075,"FIM.AI1",2950,2610,2950,2610,1269,2802.86,2781.72,12766,1823.71,2819.08,2845.98,70576,2352.53
"FIM","CI1","","",2800,606,2800,17021,300,2460,7019,"FIM.CI1",2740,2800,2800,2680,1232,2597.5,2604.59,9326,1332.29,2679.33,2649.91,45379,1512.63
"FIM","CI2","","",3500,720,3500,1485,24,3000,24,"FIM.CI2","","","","","",3500,3500,100,14.29,3583.33,3569.95,386,12.87
"FIM","IC1","","",2430,281,2430,44991,488,2320,13822,"FIM.IC1",2430,2430,2460,2270,2426,2387.5,2368.47,21284,3040.57,2487.17,2453.38,99670,3322.33
"FIM","NC1","","",2640,82,2630,23818,3000,2450,16485,"FIM.NC1",2430,2640,2640,2430,728,2529.29,2553.18,11324,1617.71,2595.25,2611.88,61817,2060.57
"FIM","NC2","","",2900,100,3500,200,100,2500,100,"FIM.NC2","","","","","","","","","","","","",""
"FIR","AI1","","",1300000,1,1400000,1,2,950000,2,"FIR.AI1","","","","","","","","","","","","",""
"FIR","CI1","","",1050000,1,1050000,12,3,965000,3,"FIR.CI1","","","","","","","","","","","","",""
"FIR","CI2","","",575129.19,"","",0,"","",0,"FIR.CI2","","","","","","","","","","","","",""
"FIR","IC1","","",1050000,1,1390000,3,1,969000,1,"FIR.IC1","","","","","","","","","","","","",""
"FIR","NC1","","",1080000,1,1300000,1,2,870000,3,"FIR.NC1","","","","","",1080000,1080000,1,0.14,1080000,1080000,1,0.03
"FIR","NC2","","",575129.19,"","",0,"","",0,"FIR.NC2","","","","","","","","","","","","",""
"FLO","AI1","","",5270,254,28900,509,1,211,1,"FLO.AI1","","","","","","","","","","","","",""
"FLO","CI1","","",28000,5,25000,66,"","",0,"FLO.CI1","","","","","","","","","","","","",""
"FLO","CI2","","",10143.35,"","",0,"","",0,"FLO.CI2","","","","","","","","","","","","",""
"FLO","IC1","","",29000,39,29000,132,"","",0,"FLO.IC1","","","","","","","","","",29000,29000,1,0.03
"FLO","NC1","","",19800,4,15000,137,"","",0,"FLO.NC1","","","","","","","","","","","","",""
"FLO","NC2","","",10143.35,"","",0,"","",0,"FLO.NC2","","","","","","","","","","","","",""
"FLP","AI1","","",1180,210,1150,10646,120,465,674,"FLP.AI1",1180,1180,1180,465,251,1121.46,1026.02,884,126.29,861.34,841.24,3118,103.93
"FLP","CI1","","",900,350,900,654,32,650,2705,"FLP.CI1",990,900,990,900,116,765.63,722.85,3143,449,704.61,703.31,4994,166.47
"FLP","CI2","","",800,90,800,378,500,300,500,"FLP.CI2","","","","","",800,800,8,1.14,800,800,112,3.73
"FLP","IC1","","",989.36,884,999,884,16,620,548,"FLP.IC1",890,999,999,890,1317,891.83,899,1777,253.86,887.29,894.02,3162,105.4
"FLP","NC1","","",700,130,700,8124,2524,460,3436,"FLP.NC1",678,700,700,678,321,625.82,658.85,3456,493.71,622.66,616.32,7897,263.23
"FLP","NC2","","",800,82,800,150,120,600,120,"FLP.NC2",800,800,800,800,8,800,800,48,6.86,800,800,56,1.87
"FLX","AI1","","",300,37441,300,114856,14,279,29701,"FLX.AI1",299,300,300,275,5442,282.25,277.36,26485,3783.57,285.63,289.97,122535,4084.5
"FLX","CI1","","",261.54,1625,262,137616,1000,212,19296,"FLX.CI1",218,262,263,210,4817,243.46,233.7,16422,2346,236.01,232.61,84228,2807.6
"FLX","CI2","","",270,1000,270,1000,"","",0,"FLX.CI2","","","","","",270,270,1000,142.86,269.17,288.76,2145,71.5
"FLX","IC1","","",289,204,289,17568,1000,268,7202,"FLX.IC1",287,289,290,267,2610,284.93,285.61,13922,1988.86,285.98,285.99,48426,1614.2
"FLX","NC1","","",286,1732,286,153397,8,268,42726,"FLX.NC1",288,286,290,265,2786,281.79,279.87,24125,3446.43,276.02,276.72,128506,4283.53
"FLX","NC2","","",280,"","",0,3000,260,4599,"FLX.NC2","","","","","",308.75,281.8,1338,191.14,305.1,292.91,4251,141.7
"FOD","AI1","","",400,929,950,1130,67,600,4921,"FOD.AI1","","","","","",675,487.82,119,17,812.5,613.94,1242,41.4
"FOD","CI1","","",600,535,690,3040,3197,600,4697,"FOD.CI1",600,690,690,600,227,631.5,646.77,2610,372.86,624.4,631.69,6524,217.47
"FOD","CI2","","",290,"","",0,"","",0,"FOD.CI2","","","","","","","","","","","","",""
"FOD","IC1","","",785,173,784,606,50,401,40301,"FOD.IC1",785,785,785,785,82,546.75,508.51,515,73.57,548.68,624.72,2955,98.5
"FOD","NC1","","",685,"","",0,7,341,5559,"FOD.NC1","","","","","","","","","",685,685,592,19.73
"FOD","NC2","","",420,"","",0,372,400,372,"FOD.NC2","","","","","","","","","","","","",""
"FSE","AI1","","",969000,2,969000,31,1,900000,5,"FSE.AI1","","","","","",969000,969000,2,0.29,960833.33,959285.71,7,0.23
"FSE","CI1","","",900000,1,948000,28,2,600000,4,"FSE.CI1",900000,900000,900000,900000,1,874666.67,887000,4,0.57,905750,908307.69,13,0.43
"FSE","CI2","","",425346.38,"","",0,"","",0,"FSE.CI2","","","","","","","","","","","","",""
"FSE","IC1","","",960000,2,960000,6,1,650000,2,"FSE.IC1","","","","","",930000,930000,2,0.29,900000,911250,8,0.27
"FSE","NC1","","",939000,15,939000,33,1,930000,3,"FSE.NC1",939000,939000,939000,939000,1,939000,939000,5,0.71,940700,940529.41,17,0.57
"FSE","NC2","","",425346.38,"","",0,"","",0,"FSE.NC2","","","","","","","","","","","","",""
"FUN","AI1","","",248000,1,225000,43,"","",0,"FUN.AI1","","","","","","","","","",248000,248000,10,0.33
"FUN","CI1","","",199000,1,189000,34,"","",0,"FUN.CI1","","","","","","","","","","","","",""
"FUN","CI2","","",59586.98,"","",0,"","",0,"FUN.CI2","","","","","","","","","","","","",""
"FUN","IC1","","",150000,"","",0,"","",0,"FUN.IC1","","","","","","","","","","","","",""
"FUN","NC1","","",165000,8,160000,222,"","",0,"FUN.NC1","","","","","","","","","","","","",""
"FUN","NC2","","",59586.98,"","",0,"","",0,"FUN.NC2","","","","","","","","","","","","",""
"GAL","AI1",57,"",297,2400,293,15423,1000,271,15016,"GAL.AI1","","","","","",292.69,279.12,2340,334.29,308.95,303.04,14646,488.2
"GAL","CI1",57,"",227,144,273,26527,41,222,48530,"GAL.CI1",227,227,274,227,1934,249.25,257.71,9006,1286.57,241.23,237.54,91159,3038.63
"GAL","CI2","","",280,219,280,980,20,17,20,"GAL.CI2","","","","","",280,280,281,40.14,256.67,167.45,7268,242.27
"GAL","IC1",57,"",340,9612,340,17312,1000,287,72145,"GAL.IC1",290,329,329,286,3045,298.63,312.31,25446,3635.14,310.02,322.58,83681,2789.37
"GAL","NC1",57,"",389,1498,389,16101,40,280,20844,"GAL.NC1",389,389,390,388,952,378.83,374.37,5794,827.71,326.03,316.27,32350,1078.33
"GAL","NC2","","",350,198,360,198,200,230,200,"GAL.NC2","","","","","","","","","",350,350,2000,66.67
"GC","AI1","","",450,50,410,5992,300,360,6414,"GC.AI1","","","","","",464.75,502.28,3823,546.14,455.44,447.74,17236,574.53
"GC","CI1","","",559,60,559,2280,60,376,1260,"GC.CI1",550,550,550,550,163,518.17,531.76,1221,174.43,456.93,465.72,7826,260.87
"GC","CI2","","",153.66,"","",0,"","",0,"GC.CI2","","","","","","","","","","","","",""
"GC","IC1","","",450,279,450,2641,1701,400,4118,"GC.IC1","","","","","",436.75,422.66,556,79.43,432.56,419.74,3708,123.6
"GC","NC1","","",468,3571,468,17339,50,300,2760,"GC.NC1","","","","","",407.85,377.49,5665,809.29,372.17,364.25,23216,773.87
"GC","NC2","","",350,532,400,532,100,360,100,"GC.NC2","","","","","","","","","","","","",""
"GCH","AI1","","",14400,15,14400,17,"","",0,"GCH.AI1","","","","","","","","","","","","",""
"GCH","CI1","","",12000,2,11000,19,"","",0,"GCH.CI1","","","","","","","","","","","","",""
"GCH","CI2","","",20162.33,"","",0,"","",0,"GCH.CI2","","","","","","","","","","","","",""
"GCH","IC1","","",10000,"","",0,"","",0,"GCH.IC1","","","","","","","","","","","","",""
"GCH","NC1","","",25000,15,39900,22,"","",0,"GCH.NC1","","","","","","","","","","","","",""
"GCH","NC2","","",20162.33,1,20200,1,"","",0,"GCH.NC2","","","","","","","","","","","","",""
"GEN","AI1","","",150000,2,150000,17,"","",0,"GEN.AI1","","","","","","","","","","","","",""
"GEN","CI1","","",200000,3,199000,9,"","",0,"GEN.CI1","","","","","","","","","","","","",""
"GEN","CI2","","",251289.75,"","",0,"","",0,"GEN.CI2","","","","","","","","","","","","",""
"GEN","IC1","","",200000,2,210000,5,"","",0,"GEN.IC1","","","","","",160000,160000,1,0.14,185000,185000,2,0.07
"GEN","NC1","","",239000,1,240000,5,"","",0,"GEN.NC1","","","","","",239000,239000,1,0.14,192200,183000,7,0.23
"GEN","NC2","","",251289.75,"","",0,"","",0,"GEN.NC2","","","","","","","","","","","","",""
"GIN","AI1","","",1640,623,1640,7914,249,1610,4896,"GIN.AI1",1640,1640,1650,1610,289,1655.71,1659.92,2095,299.29,1707.33,1701.97,11865,395.5
"GIN","CI1","","",1600,323,1600,9802,55,1370,892,"GIN.CI1",1600,1600,1600,1600,260,1600,1600,1453,207.57,1681,1640.52,7786,259.53
"GIN","CI2","","",1950,38,1950,638,"","",0,"GIN.CI2","","","","","","","","","",1950,1950,42,1.4
"GIN","IC1","","",1505.39,614,1610,14292,4886,1450,6760,"GIN.IC1",1560,1460,1610,1460,430,1590.36,1551.35,1191,170.14,1633.08,1585.25,8853,295.1
"GIN","NC1","","",1670,4064,1670,15929,500,1610,9088,"GIN.NC1",1600,1670,1670,1600,123,1636.79,1619.49,1685,240.71,1718,1718.45,10359,345.3
"GIN","NC2","","",1300,500,3200,530,100,1670,500,"GIN.NC2","","","","","","","","","","","","",""
"GL","AI1","","",469,100,455,66295,1000,366,133451,"GL.AI1",459,469,469,459,2697,432.13,448.92,8972,1281.71,449.83,444.27,45722,1524.07
"GL","CI1","","",475,4912,475,43617,1000,412,108423,"GL.CI1",473,475,475,472,1157,460.67,465.24,5293,756.14,446.74,444.78,24248,808.27
"GL","CI2","","",400,542,600,542,"","",0,"GL.CI2","","","","","","","","","",400,400,3177,105.9
"GL","IC1","","",399.69,20,399,31742,719,380,109647,"GL.IC1",393,395,395,393,1064,419.25,418.61,3959,565.57,421.96,417.36,31674,1055.8
"GL","NC1","","",573,210,572,30372,100,407,138560,"GL.NC1",405,573,573,405,1206,526.5,555.05,13038,1862.57,487.15,493.36,89009,2966.97
"GL","NC2","","",400,700,400,2667,23,300,23,"GL.NC2","","","","","","","","","",400,400,200,6.67
"GNZ","AI1","","",8000,"","",0,"","",0,"GNZ.AI1","","","","","","","","","","","","",""
"GNZ","CI1","","",32000,10,20000,21,"","",0,"GNZ.CI1","","","","","","","","","","","","",""
"GNZ","CI2","","",43211.3,"","",0,"","",0,"GNZ.CI2","","","","","","","","","","","","",""
"GNZ","IC1","","",43211.3,10,60000,10,"","",0,"GNZ.IC1","","","","","","","","","","","","",""
"GNZ","NC1","","",375,"","",0,"","",0,"GNZ.NC1","","","","","","","","","","","","",""
"GNZ","NC2","","",43211.3,"","",0,"","",0,"GNZ.NC2","","","","","","","","","","","","",""
"GRA","AI1","","",5400,102,4500,924,38,3000,1038,"GRA.AI1","","","","","",5400,5400,63,9,5300,3990.65,278,9.27
"GRA","CI1","","",4000,100,7250,1190,4,5700,93,"GRA.CI1","","","","","","","","","",5945,6192.58,221,7.37
"GRA","CI2","","",4200,100,5000,100,"","",0,"GRA.CI2","","","","","","","","","","","","",""
"GRA","IC1","","",4750,157,4740,1289,26,4400,1415,"GRA.IC1","","","","","",4715,4731.31,337,48.14,5324.72,5470.8,1494,49.8
"GRA","NC1","","",5493.97,349,5500,1629,60,4010,1882,"GRA.NC1","","","","","",5564.5,5573.87,323,46.14,5263.52,5172.42,2575,85.83
"GRA","NC2","","",3290,"","",0,"","",0,"GRA.NC2","","","","","","","","","","","","",""
"GRN","AI1",86,"",499,1396,499,58444,3565,480,47269,"GRN.AI1",480,499,507,480,5286,497.5,496.16,16799,2399.86,492.68,495.01,97631,3254.37
"GRN","CI1",86,"",467,50,450,14180,1761,417,18577,"GRN.CI1",467,467,468,417,1357,437.17,433.65,17350,2478.57,465.93,467.49,73593,2453.1
"GRN","CI2","","",480,67,480,786,"","",0,"GRN.CI2","","","","","","","","","",465,468.74,533,17.77
"GRN","IC1",86,"",444,213,444,67268,320,405,33488,"GRN.IC1",417,444,444,400,16113,410.39,414.22,47532,6790.29,434.28,437.35,259097,8636.57
"GRN","NC1",86,"",498,2124,498,25144,193,435,51760,"GRN.NC1",442,498,498,432,6094,462.14,463.31,24350,3478.57,492.91,488.91,92397,3079.9
"GRN","NC2","","",450,44,495,44,411,450,630,"GRN.NC2","","","","","",450,450,89,12.71,450,450,89,2.97
"GV","AI1","","",3100,4,3120,2550,261,3100,3502,"GV.AI1",3100,3100,3100,3100,389,3186.67,3153.28,1603,229,3211.79,3234.57,8762,292.07
"GV","CI1","","",2900,73,2970,2475,372,2900,872,"GV.CI1",2800,2900,2900,2800,43,2957,2933.98,1448,206.86,3101.35,2999.52,6058,201.93
"GV","CI2","","",1032.55,"","",0,"","",0,"GV.CI2","","","","","","","","","","","","",""
"GV","IC1","","",4520,50,4510,544,7,2600,559,"GV.IC1",4510,4520,4520,4510,157,4158.33,4221.68,352,50.29,3781.79,3788.89,1720,57.33
"GV","NC1","","",2980,368,2980,2921,129,2350,3146,"GV.NC1",2350,2350,2350,2350,1,2702.08,2787.81,1218,174,2645.65,2667.93,5196,173.2
"GV","NC2","","",2440,7,2440,7,"","",0,"GV.NC2","","","","","","","","","","","","",""
"GWS","AI1","","",11000000,1,13000000,6,1,10100000,1,"GWS.AI1","","","","","","","","","","","","",""
"GWS","CI1","","",11000000,1,13000000,1,1,11000000,1,"GWS.CI1","","","","","","","","","","","","",""
"GWS","CI2","","",5335434,"","",0,"","",0,"GWS.CI2","","","","","","","","","","","","",""
"GWS","IC1","","",13000000,1,13000000,1,2,11000000,2,"GWS.IC1","","","","","","","","","","","","",""
"GWS","NC1","","",13000000,1,13000000,30,"","",0,"GWS.NC1","","","","","","","","","","","","",""
"GWS","NC2","","",5335434,"","",0,"","",0,"GWS.NC2","","","","","","","","","","","","",""
"H","AI1",50,"",135,1486,135,146423,2000,124,171800,"H.AI1",133,125,135,123,19261,128.11,130.1,91399,13057,131.03,131.43,435590,14519.67
"H","CI1",50,"",138,70989,138,294181,94,135,84612,"H.CI1",134,138,138,134,9563,134.11,133.17,88106,12586.57,131.44,132.58,619851,20661.7
"H","CI2","","",132,5400,132,14040,676,110,5676,"H.CI2","","","","","",132,132,1600,228.57,136,132.02,1604,53.47
"H","IC1",50,"",109,3501,109,427358,184,107,85483,"H.IC1",107,109,112,106,20064,109.32,109.07,163849,23407,110.31,110.18,882794,29426.47
"H","NC1",50,"",135.71,1511,136,120580,60,118,101347,"H.NC1",127,130,130,116,13126,130.5,132.44,87951,12564.43,128.24,129.01,384477,12815.9
"H","NC2","","",133.48,3810,135,12444,1000,119,14397,"H.NC2",132,135,135,132,390,138,141.14,1566,223.71,144.97,143.42,18406,613.53
"H2O","AI1",10,"",59,19825,71.7,4810576,2398,59,777581,"H2O.AI1",69.5,71.8,75,57.2,42701,60.94,61.02,574876,82125.14,58.58,58.49,2264008,75466.93
"H2O","CI1",10,"",69.7,24069,69.7,156869,7970,59.4,373812,"H2O.CI1",64,69.9,250,59.3,58470,69.02,61.87,460657,65808.14,61.22,59.5,2187613,72920.43
"H2O","CI2","","",59,37777,59,215414,15000,45,15000,"H2O.CI2",55,59,59,55,51000,55.33,56.73,64988,9284,56.83,56.06,192017,6400.57
"H2O","IC1",10,"",59.9,6617,59.9,2122403,700,55.7,390966,"H2O.IC1",59,59.9,60,54.1,147233,58.9,58.91,1048373,149767.57,57.98,58.21,4404984,146832.8
"H2O","NC1",10,"",64.8,20000,63,970362,4760,58.8,283054,"H2O.NC1",62,64.8,64.8,58.6,49655,61.76,62.16,355391,50770.14,61.82,62.07,1842399,61413.3
"H2O","NC2","","",54.74,4128,55,68251,10000,53.9,17309,"H2O.NC2",54,55,55,54,5807,56.8,58.99,28257,4036.71,58.69,59.13,55674,1855.8
"HAB","AI1","","",150000,6,150000,41,10,120000,10,"HAB.AI1","","","","","","","","","",150000,150000,14,0.47
"HAB","CI1","","",128127.43,2,157000,56,20,125000,36,"HAB.CI1","","","","","","","","","",144833.33,145772.73,22,0.73
"HAB","CI2","","",53399.55,"","",0,"","",0,"HAB.CI2","","","","","","","","","","","","",""
"HAB","IC1","","",189000,1,189000,12,5,105000,25,"HAB.IC1","","","","","",189000,189000,1,0.14,194250,197666.67,6,0.2
"HAB","NC1","","",149582.98,5,145000,12,10,125000,10,"HAB.NC1","","","","","","","","","",149125,149285.71,14,0.47
"HAB","NC2","","",110000,"","",0,"","",0,"HAB.NC2","","","","","","","","","","","","",""
"HAL","AI1",75,"",303,6015,325,108370,800,303,63360,"HAL.AI1",324,303,325,303,5311,316.08,316.82,24202,3457.43,314.95,314.24,146813,4893.77
"HAL","CI1",75,"",344,2101,380,99151,900,344,9802,"HAL.CI1",369,380,380,368,3063,377.46,369.08,8990,1284.29,382.12,381.95,45549,1518.3
"HAL","CI2","","",360,3117,360,8317,3000,320,3463,"HAL.CI2","","","","","",360,360,250,35.71,390,392,1250,41.67
"HAL","IC1",75,"",311,561,351,102603,949,311,16123,"HAL.IC1",353,311,354,310,4246,338,337.82,24215,3459.29,334.72,334.45,119626,3987.53
"HAL","NC1",75,"",430,832,430,85572,200,352,23082,"HAL.NC1",410,432,432,400,1757,430.25,425.88,17293,2470.43,397.54,390.19,112125,3737.5
"HAL","NC2","","",310,1345,310,4495,1000,309,1000,"HAL.NC2","","","","","",290,262.03,1376,196.57,310.22,302.68,9808,326.93
"HAM","AI1","","",7000000,1,10000000,1,"","",0,"HAM.AI1","","","","","","","","","","","","",""
"HAM","CI1","","",6900000,1,5700000,2,"","",0,"HAM.CI1","","","","","","","","","","","","",""
"HAM","CI2","","",2823502.5,"","",0,"","",0,"HAM.CI2","","","","","","","","","","","","",""
"HAM","IC1","","",2823502.5,"","",0,"","",0,"HAM.IC1","","","","","","","","","","","","",""
"HAM","NC1","","",5750000,1,5750000,2,"","",0,"HAM.NC1","","","","","","","","","","","","",""
"HAM","NC2","","",2823502.5,"","",0,"","",0,"HAM.NC2","","","","","","","","","","","","",""
"HCB","AI1","","",4000000,2,4000000,8,1,3000000,1,"HCB.AI1","","","","","",3950000,3950000,2,0.29,3991666.67,4000000,7,0.23
"HCB","CI1","","",3770000,1,4000000,13,"","",0,"HCB.CI1","","","","","",3735000,3735000,2,0.29,3885833.33,3931250,8,0.27
"HCB","CI2","","",1709085.38,"","",0,"","",0,"HCB.CI2","","","","","","","","","","","","",""
"HCB","IC1","","",4100000,11,4000000,14,"","",0,"HCB.IC1","","","","","",4100000,4100000,1,0.14,4000000,4000000,2,0.07
"HCB","NC1","","",4100000,1,4190000,3,1,3000000,1,"HCB.NC1",4100000,4100000,4100000,4100000,1,4100000,4100000,1,0.14,3937500,3937500,4,0.13
"HCB","NC2","","",1709085.38,"","",0,"","",0,"HCB.NC2","","","","","","","","","","","","",""
"HCC","AI1","","",720.75,2000,740,46207,912,700,4912,"HCC.AI1","","","","","","","","","",734.7,731.95,11136,371.2
"HCC","CI1","","",738,3645,738,18116,1480,700,4480,"HCC.CI1",738,738,738,738,100,738,738,100,14.29,715.7,712.48,2135,71.17
"HCC","CI2","","",640,"","",0,"","",0,"HCC.CI2","","","","","","","","","","","","",""
"HCC","IC1","","",699,2790,699,18432,100,625,10100,"HCC.IC1","","","","","",699,699,130,18.57,698.17,689.56,3210,107
"HCC","NC1","","",800,85,800,8136,2000,670,7740,"HCC.NC1","","","","","",780.9,779.15,3500,500,732.1,737.28,11023,367.43
"HCC","NC2","","",620,"","",0,"","",0,"HCC.NC2","","","","","","","","","","","","",""
"HCP","AI1",88,"",430,1037,450,102121,283,430,20003,"HCP.AI1",449,450,450,430,4913,439.93,441.58,35686,5098,461.61,456.44,195998,6533.27
"HCP","CI1",88,"",448,1950,448,42486,50,420,21577,"HCP.CI1",450,448,450,448,732,444.75,435,17432,2490.29,449.87,448.56,87118,2903.93
"HCP","CI2","","",350,488,489,560,"","",0,"HCP.CI2","","","","","","","","","","","","",""
"HCP","IC1",88,"",429.48,2309,430,58325,1476,412,65173,"HCP.IC1",434,430,434,411,7271,422.89,421.56,38424,5489.14,429.26,425.98,202247,6741.57
"HCP","NC1",88,"",499.49,4888,500,22588,400,470,39843,"HCP.NC1",495,500,500,471,4452,490.08,497.12,11662,1666,469.93,470.13,84805,2826.83
"HCP","NC2","","",376,4000,377,4250,192,376,625,"HCP.NC2","","","","","",366.5,363.81,505,72.14,369.67,366.37,639,21.3
"HD","AI1","","",7320,68,7320,4168,4,4000,514,"HD.AI1","","","","","",7320,7320,17,2.43,7335,7334.06,32,1.07
"HD","CI1","","",3100,44,5200,714,60,4000,1407,"HD.CI1","","","","","",3250,3213.21,53,7.57,4721.88,4662.17,780,26
"HD","CI2","","",4000,"","",0,"","",0,"HD.CI2","","","","","","","","","","","","",""
"HD","IC1","","",5890,95,5890,1269,10,5200,571,"HD.IC1","","","","","",5895,5898.65,37,5.29,5513.33,5060.22,137,4.57
"HD","NC1","","",4280,146,4280,446,6,3600,1544,"HD.NC1","","","","","",4435,4406.23,257,36.71,4452.95,4483.18,1775,59.17
"HD","NC2","","",1599.62,"","",0,"","",0,"HD.NC2","","","","","","","","","","","","",""
"HE","AI1",75,"",230,1738,230,118995,400,202,129578,"HE.AI1",220,230,230,220,1783,235.14,238.54,10092,1441.71,236.74,231.66,68233,2274.43
"HE","CI1",75,"",299,4705,299,21184,50,252,11694,"HE.CI1",294,299,299,294,1079,292.75,292.97,6218,888.29,289.13,273.7,46539,1551.3
"HE","CI2","","",350,"","",0,"","",0,"HE.CI2","","","","","","","","","","","","",""
"HE","IC1",75,"",230,3420,230,31028,78,229,13395,"HE.IC1",230,230,230,230,1382,230,230,6233,890.43,228.64,229.44,33902,1130.07
"HE","NC1",75,"",234,410,234,65892,100,180,30907,"HE.NC1",229,234,234,190,1957,217.04,217.35,11027,1575.29,219.68,219.17,56536,1884.53
"HE","NC2","","",250,330,250,330,200,161,400,"HE.NC2","","","","","","","","","",250,250,250,8.33
"HE3","AI1","","",875,1958,875,19359,80,450,1590,"HE3.AI1",560,875,875,560,1360,639.5,532.56,5821,831.57,580.24,532.99,20709,690.3
"HE3","CI1","","",575,4000,580,21630,5,575,9994,"HE3.CI1",575,575,575,575,1003,566,566.22,11083,1583.29,554.39,546.07,40169,1338.97
"HE3","CI2","","",0.32,"","",0,"","",0,"HE3.CI2","","","","","","","","","","","","",""
"HE3","IC1","","",600,1089,600,6340,100,450,2434,"HE3.IC1",451,600,600,451,9428,552.57,527,117854,16836.29,697.93,543.44,132831,4427.7
"HE3","NC1","","",617,488,617,12157,40,526,6002,"HE3.NC1",617,617,617,617,12,612.45,607.26,967,138.14,668.41,672.41,9981,332.7
"HE3","NC2","","",220,75,585,245,75,530,75,"HE3.NC2","","","","","","","","","",320.5,299.13,254,8.47
"HER","AI1","","",3390,78,3390,25714,800,3200,9520,"HER.AI1",3300,3390,3390,3120,1337,3295.42,3315.42,4406,629.43,3270.63,3244.07,27147,904.9
"HER","CI1","","",3224.3,128,3280,28250,40,2900,10936,"HER.CI1",3270,3280,3280,2890,1037,3248.57,3204.75,3948,564,3343.92,3232.48,26043,868.1
"HER","CI2","","",3300,312,3300,312,"","",0,"HER.CI2","","","","","",3300,3300,10,1.43,3500,3576.63,582,19.4
"HER","IC1","","",3200,463,3300,21723,1094,2950,10309,"HER.IC1",3340,3190,3390,2950,1765,3195,3198.21,7270,1038.57,3157,3157.72,39064,1302.13
"HER","NC1","","",3315.8,40,3320,20111,250,3120,6831,"HER.NC1",3320,3320,3320,3310,250,3262.08,3189.49,3001,428.71,3299.74,3292.28,19172,639.07
"HER","NC2","","",2400,250,3580,630,200,3160,600,"HER.NC2","","","","","","","","","","","","",""
"HEX","AI1","","",2000,13403,2000,20628,"","",0,"HEX.AI1","","","","","","","","","","","","",""
"HEX","CI1","","",200,70,500,7169,"","",0,"HEX.CI1","","","","","","","","","","","","",""
"HEX","CI2","","",41.14,"","",0,"","",0,"HEX.CI2","","","","","","","","","","","","",""
"HEX","IC1","","",2000,1671,2000,1671,"","",0,"HEX.IC1","","","","","","","","","","","","",""
"HEX","NC1","","",2000,3306,2000,3306,"","",0,"HEX.NC1","","","","","","","","","","","","",""
"HEX","NC2","","",41.14,"","",0,"","",0,"HEX.NC2","","","","","","","","","","","","",""
"HHP","AI1","","",10000,190,10000,191,"","",0,"HHP.AI1","","","","","","","","","","","","",""
"HHP","CI1","","",8900,"","",0,156,8900,156,"HHP.CI1","","","","","","","","","",8900,8900,1,0.03
"HHP","CI2","","",3360.4,"","",0,"","",0,"HHP.CI2","","","","","","","","","","","","",""
"HHP","IC1","","",10500,9,10500,9,"","",0,"HHP.IC1","","","","","","","","","","","","",""
"HHP","NC1","","",7715.9,5,9000,5,"","",0,"HHP.NC1","","","","","","","","","",5000,5000,40,1.33
"HHP","NC2","","",3360.4,"","",0,"","",0,"HHP.NC2","","","","","","","","","","","","",""
"HMS","AI1","","",2410,6,2410,33432,200,2200,5909,"HMS.AI1",2450,2410,2450,2300,1602,2496.07,2511.19,7277,1039.57,2596.58,2607.65,27541,918.03
"HMS","CI1","","",3000,2006,3000,3760,427,2200,2293,"HMS.CI1",3100,3400,4500,3100,1162,3037.5,3086.14,5246,749.43,2488.45,2555.13,19279,642.63
"HMS","CI2","","",2600,70,2600,133,"","",0,"HMS.CI2","","","","","","","","","",2633.33,2485,40,1.33
"HMS","IC1","","",2570,1179,2570,7258,31,2200,5616,"HMS.IC1",2570,2570,2580,2570,633,2533.21,2522.62,3435,490.71,2560.25,2562.54,15865,528.83
"HMS","NC1","","",2560,38,2560,7906,150,2180,6261,"HMS.NC1",2570,2570,2580,2160,1164,2529.64,2571.62,5170,738.57,2498.17,2494.48,24055,801.83
"HMS","NC2","","",2600,132,2600,662,50,2310,70,"HMS.NC2","","","","","",2600,2600,68,9.71,2568.18,2589.37,301,10.03
"HNZ","AI1","","",75000,"","",0,"","",0,"HNZ.AI1","","","","","","","","","","","","",""
"HNZ","CI1","","",90000,29,90000,29,"","",0,"HNZ.CI1","","","","","","","","","","","","",""
"HNZ","CI2","","",99221.11,"","",0,"","",0,"HNZ.CI2","","","","","","","","","","","","",""
"HNZ","IC1","","",99221.11,"","",0,"","",0,"HNZ.IC1","","","","","","","","","","","","",""
"HNZ","NC1","","",99221.11,"","",0,"","",0,"HNZ.NC1","","","","","","","","","","","","",""
"HNZ","NC2","","",99221.11,"","",0,"","",0,"HNZ.NC2","","","","","","","","","","","","",""
"HOG","AI1","","",10000,2,10000,168,60,7300,487,"HOG.AI1","","","","","","","","","",9920,9821.05,76,2.53
"HOG","CI1","","",9500,85,12000,185,10,7200,10,"HOG.CI1","","","","","",9500,9500,53,7.57,8916.67,8919.64,168,5.6
"HOG","CI2","","",3905.03,"","",0,"","",0,"HOG.CI2","","","","","","","","","","","","",""
"HOG","IC1","","",15000,"","",0,60,8400,105,"HOG.IC1","","","","","","","","","",15000,15000,5,0.17
"HOG","NC1","","",15000,4,15000,14,"","",0,"HOG.NC1","","","","","",15000,15000,1,0.14,15000,15000,1,0.03
"HOG","NC2","","",500,19,7500,19,"","",0,"HOG.NC2","","","","","","","","","","","","",""
"HOP","AI1","","",2900,40,3000,6568,797,2800,3345,"HOP.AI1","","","","","",3170,3353.31,369,52.71,3319.3,3202.23,4108,136.93
"HOP","CI1","","",3680,198,3640,4579,200,2750,400,"HOP.CI1",3680,3680,3680,3680,129,3261.25,2465.63,1162,166,3260.45,3003.62,6478,215.93
"HOP","CI2","","",2400,100,3800,300,"","",0,"HOP.CI2","","","","","","","","","","","","",""
"HOP","IC1","","",2950,146,2950,2528,20,2660,349,"HOP.IC1","","","","","",2856.25,2806.54,1009,144.14,2991.19,2970.37,3771,125.7
"HOP","NC1","","",3580,245,3580,5255,73,3010,3449,"HOP.NC1",3610,3590,3610,3590,88,3536.67,3371.24,777,111,3646.71,3639.24,3384,112.8
"HOP","NC2","","",2620,"","",0,50,2890,50,"HOP.NC2","","","","","","","","","","","","",""
"HPC","AI1","","",36000,99,36000,299,100,31000,200,"HPC.AI1","","","","","","","","","",36000,36000,1,0.03
"HPC","CI1","","",28416.67,31,35000,58,31,29000,40,"HPC.CI1","","","","","","","","","",32125,32125,64,2.13
"HPC","CI2","","",13101.5,"","",0,"","",0,"HPC.CI2","","","","","","","","","","","","",""
"HPC","IC1","","",37000,5,37000,59,1,30200,61,"HPC.IC1","","","","","",37000,37000,5,0.71,37000,37000,5,0.17
"HPC","NC1","","",30500,90,37000,107,57,30500,109,"HPC.NC1","","","","","",30500,30500,3,0.43,31875,33404.76,21,0.7
"HPC","NC2","","",28000,"","",0,"","",0,"HPC.NC2","","","","","","","","","","","","",""
"HPR","AI1","","",1800000,1,1790000,4,"","",0,"HPR.AI1","","","","","","","","","","","","",""
"HPR","CI1","","",1360000,1,1490000,2,"","",0,"HPR.CI1","","","","","","","","","",1360000,1360000,1,0.03
"HPR","CI2","","",1750000,"","",0,"","",0,"HPR.CI2","","","","","","","","","","","","",""
"HPR","IC1","","",600000,1,1400000,3,1,500000,1,"HPR.IC1",1530000,600000,1530000,600000,2,1232500,1176666.67,3,0.43,1232500,1176666.67,3,0.1
"HPR","NC1","","",1400000,1,1400000,5,1,1250000,1,"HPR.NC1","","","","","",1400000,1400000,2,0.29,1400000,1400000,3,0.1
"HPR","NC2","","",743176.25,"","",0,"","",0,"HPR.NC2","","","","","","","","","","","","",""
"HSE","AI1","","",17000,107,17000,2239,21,14100,1056,"HSE.AI1",16800,17000,17000,16800,134,16729.17,16922.6,416,59.43,15760.34,15626.87,4500,150
"HSE","CI1","","",17000,211,17000,1753,15,13500,147,"HSE.CI1",16900,17000,17000,16900,57,16730,16901.86,161,23,15991.96,16178.95,1587,52.9
"HSE","CI2","","",16000,92,16000,192,"","",0,"HSE.CI2","","","","","","","","","",15200,14904.35,23,0.77
"HSE","IC1","","",15800,113,15800,1670,10,12500,667,"HSE.IC1",15800,15800,15800,15800,20,15441.67,15406.09,345,49.29,15543.97,15563.32,2124,70.8
"HSE","NC1","","",12100,444,16000,1636,50,12000,825,"HSE.NC1",16000,12100,16000,12100,136,14945.83,14616.33,851,121.57,14588.79,14337.68,3700,123.33
"HSE","NC2","","",15000,6,15000,115,10,14000,50,"HSE.NC2",15000,15000,15000,15000,21,14900,14988,25,3.57,14750,14861.43,70,2.33
"HSS","AI1","","",5490,33,5490,787,87,4000,3208,"HSS.AI1",5470,5490,5490,5470,41,6060,6363.59,502,71.71,5315,5071.83,2550,85
"HSS","CI1","","",5830,50,5820,1219,30,2810,1190,"HSS.CI1",5830,5830,5830,5830,14,4671.25,3920.42,574,82,5245.71,4062.91,1519,50.63
"HSS","CI2","","",2500,"","",0,2000,2000,2000,"HSS.CI2","","","","","","","","","","","","",""
"HSS","IC1","","",5310,53,5310,638,20,3200,1469,"HSS.IC1",5340,5330,5340,5330,38,5370.71,5367.88,184,26.29,4787.92,4793.29,1973,65.77
"HSS","NC1","","",4420,96,4420,2752,150,2920,2868,"HSS.NC1",4430,4420,4430,4420,7,4309.64,3996.62,455,65,4060.58,3832.66,3960,132
"HSS","NC2","","",3032.75,75,3840,95,60,3470,60,"HSS.NC2","","","","","","","","","",2866.67,2691.3,230,7.67
"HTE","AI1","","",3800000,1,3700000,5,2,3500000,4,"HTE.AI1","","","","","",3800000,3800000,1,0.14,3800000,3800000,1,0.03
"HTE","CI1","","",4300000,1,4280000,6,"","",0,"HTE.CI1","","","","","","","","","","","","",""
"HTE","CI2","","",1699123.75,"","",0,"","",0,"HTE.CI2","","","","","","","","","","","","",""
"HTE","IC1","","",5000000,1,4890000,3,"","",0,"HTE.IC1","","","","","","","","","","","","",""
"HTE","NC1","","",3970000,1,3970000,4,"","",0,"HTE.NC1","","","","","","","","","",3975000,3975000,2,0.07
"HTE","NC2","","",1699123.75,"","",0,"","",0,"HTE.NC2","","","","","","","","","","","","",""
"HYR","AI1","","",3910000,1,3950000,13,"","",0,"HYR.AI1","","","","","","","","","",3910000,3910000,1,0.03
"HYR","CI1","","",3500000,4,3950000,11,"","",0,"HYR.CI1","","","","","","","","","",3615000,3576666.67,3,0.1
"HYR","CI2","","",1418066.88,"","",0,"","",0,"HYR.CI2","","","","","","","","","","","","",""
"HYR","IC1","","",3380000,1,4000000,1,1,1900000,1,"HYR.IC1","","","","","","","","","","","","",""
"HYR","NC1","","",3725641,1,4000000,4,1,1890000,1,"HYR.NC1","","","","","","","","","",3723333.33,3723333.33,3,0.1
"HYR","NC2","","",1418066.88,"","",0,"","",0,"HYR.NC2","","","","","","","","","","","","",""
"I","AI1","","",2000,249,2000,3153,238,1500,1438,"I.AI1",2000,2000,2000,2000,268,2235,2155.81,702,100.29,2565.33,2529.64,2217,73.9
"I","CI1","","",1850,203,2000,1495,1038,1850,3856,"I.CI1",1900,2000,2000,1850,664,1893.75,1885.59,2006,286.57,1922.98,2054.93,7169,238.97
"I","CI2","","",1000,"","",0,"","",0,"I.CI2","","","","","","","","","",1000,1000,94,3.13
"I","IC1","","",1600,129,1650,779,13,1250,2131,"I.IC1",1600,1600,1600,1600,8,1825.5,1990.58,521,74.43,2144.85,2537.2,2338,77.93
"I","NC1","","",2290,9,2290,1604,260,1600,5064,"I.NC1",2290,2290,2290,1600,35,2093.33,2154.3,256,36.57,1914.4,2076.14,2618,87.27
"I","NC2","","",1110,"","",0,30,1410,60,"I.NC2","","","","","","","","","","","","",""
"IDC","AI1",11000,"",11000,45,24900,344,100,11000,100,"IDC.AI1","","","","","",13150,11090.87,1852,264.57,13897.92,11179.33,5791,193.03
"IDC","CI1",11000,"",11000,21,11100,105,100,11000,100,"IDC.CI1",11000,11000,11000,11000,1700,11125,11000.36,2805,400.71,11131.25,11018.6,3838,127.93
"IDC","CI2","","",10324.98,"","",0,"","",0,"IDC.CI2","","","","","","","","","","","","",""
"IDC","IC1",11000,"",11000,9,12000,11,100,11000,100,"IDC.IC1","","","","","",11020,11004.32,3499,499.86,11022.5,11038.93,7939,264.63
"IDC","NC1",11000,"",11000,1786,11100,2651,100,11000,100,"IDC.NC1","","","","","",11000,11000,3729,532.71,11014.29,11002,12678,422.6
"IDC","NC2","","",10324.98,10,15400,10,"","",0,"IDC.NC2","","","","","","","","","","","","",""
"IMM","AI1","","",125000,10,120000,29,10,100000,10,"IMM.AI1","","","","","","","","","",125000,125000,1,0.03
"IMM","CI1","","",135000,10,100000,77,10,90000,10,"IMM.CI1","","","","","","","","","","","","",""
"IMM","CI2","","",68316.59,"","",0,"","",0,"IMM.CI2","","","","","","","","","","","","",""
"IMM","IC1","","",100000,"","",0,7,100000,7,"IMM.IC1","","","","","","","","","","","","",""
"IMM","NC1","","",140000,4,140000,4,10,100000,26,"IMM.NC1","","","","","","","","","","","","",""
"IMM","NC2","","",68316.59,"","",0,"","",0,"IMM.NC2","","","","","","","","","","","","",""
"IND","AI1","","",7462.1,48,7400,1002,249,3900,1049,"IND.AI1","","","","","",7806.25,7538.59,298,42.57,7297.17,7413.43,1253,41.77
"IND","CI1","","",6995.58,10,6990,241,40,4000,85,"IND.CI1",6990,7000,7000,6990,93,5428.75,5492.76,595,85,6015.16,5646.62,1818,60.6
"IND","CI2","","",1977.51,"","",0,"","",0,"IND.CI2","","","","","","","","","","","","",""
"IND","IC1","","",6990,75,6990,192,300,5000,357,"IND.IC1",6990,6990,6990,6990,12,6706.25,6142.75,357,51,6191.47,6153.26,942,31.4
"IND","NC1","","",5290,440,5290,2789,30,3940,2124,"IND.NC1","","","","","",4973.5,4957.66,2385,340.71,4702.12,4762.51,5190,173
"IND","NC2","","",7000,14,7000,14,"","",0,"IND.NC2","","","","","","","","","","","","",""
"INS","AI1","","",186,4697,198,571642,428,177,250429,"INS.AI1",193,198,200,193,26992,196.39,196.07,72751,10393,196.28,194.01,611378,20379.27
"INS","CI1","","",178.31,1757,198,505988,4243,178,282075,"INS.CI1",190,199,199,176,8714,190.64,192.28,73504,10500.57,192.74,193.11,477935,15931.17
"INS","CI2","","",200,9020,200,14020,"","",0,"INS.CI2","","","","","","","","","",200,200,10220,340.67
"INS","IC1","","",199,1890,198,467250,566,177,287268,"INS.IC1",197,199,199,196,35904,195.21,196.88,157484,22497.71,196.43,197.94,764679,25489.3
"INS","NC1","","",197.57,648,198,352299,2000,176,256588,"INS.NC1",197,183,200,183,37644,193.86,195.83,117841,16834.43,189.18,188.02,618913,20630.43
"INS","NC2","","",187.61,2062,200,5797,4512,167,5512,"INS.NC2","","","","","",184.25,188.64,10566,1509.43,193.68,193.46,19522,650.73
"JUI","AI1","","",2,98,25000,100,284,2,384,"JUI.AI1","","","","","","","","","","","","",""
"JUI","CI1","","",40000,29,100000,309,"","",0,"JUI.CI1","","","","","","","","","","","","",""
"JUI","CI2","","",1102.27,280,100000,280,"","",0,"JUI.CI2","","","","","","","","","","","","",""
"JUI","IC1","","",30000,118,30000,121,1000000,1,1000000,"JUI.IC1","","","","","","","","","","","","",""
"JUI","NC1","","",1,1,99000,1,1,1.02,2,"JUI.NC1","","","","","","","","","","","","",""
"JUI","NC2","","",1102.27,"","",0,"","",0,"JUI.NC2","","","","","","","","","","","","",""
"KOM","AI1","","",1050,166,1110,34647,119,1040,26868,"KOM.AI1",1090,1120,1120,1050,3277,1095.86,1098.37,16840,2405.71,1027.27,1033.62,71022,2367.4
"KOM","CI1","","",1100,3114,1100,27294,10,988,4824,"KOM.CI1",960,1100,1100,940,3203,984.17,985.98,15780,2254.29,981.64,978.69,66122,2204.07
"KOM","CI2","","",950,997,950,1851,"","",0,"KOM.CI2","","","","","",950,950,45,6.43,973.21,958.77,2383,79.43
"KOM","IC1","","",970,2018,970,41074,1000,916,18990,"KOM.IC1",968,970,970,915,3362,948.11,945.8,19710,2815.71,943.17,937.04,105759,3525.3
"KOM","NC1","","",1030,2220,1030,105368,1000,926,25416,"KOM.NC1",1010,1080,1090,925,2859,993.29,993.57,20505,2929.29,979.03,978.11,98256,3275.2
"KOM","NC2","","",930,39,930,4896,200,918,3200,"KOM.NC2",930,930,930,930,62,927.43,929.16,452,64.57,1011.04,1026.42,2529,84.3
"KR","AI1","","",100,301,118,42457,"","",0,"KR.AI1","","","","","","","","","",100,100,699,23.3
"KR","CI1","","",115,664,115,50145,"","",0,"KR.CI1","","","","","","","","","","","","",""
"KR","CI2","","",133.33,13725,110,14045,"","",0,"KR.CI2","","","","","","","","","","","","",""
"KR","IC1","","",100,1050,151,19539,10000,0.02,110000,"KR.IC1","","","","","","","","","","","","",""
"KR","NC1","","",98,700,96,99372,"","",0,"KR.NC1","","","","","","","","","",105.5,109.03,664,22.13
"KR","NC2","","",133.33,"","",0,"","",0,"KR.NC2","","","","","","","","","","","","",""
"KRE","AI1","","",15000,200,14000,1279,1000,10000,1000,"KRE.AI1","","","","","","","","","","","","",""
"KRE","CI1","","",13600,26,13600,1414,300,10000,300,"KRE.CI1","","","","","",13600,13600,6,0.86,9593.33,4555.56,27,0.9
"KRE","CI2","","",15423.41,"","",0,"","",0,"KRE.CI2","","","","","","","","","","","","",""
"KRE","IC1","","",15000,22,15000,22,5,1500,5,"KRE.IC1","","","","","","","","","","","","",""
"KRE","NC1","","",10000,21,11300,1694,2,10100,197,"KRE.NC1","","","","","",10550,10017.74,310,44.29,10412.5,10023.78,925,30.83
"KRE","NC2","","",15423.41,50,12000,50,"","",0,"KRE.NC2","","","","","","","","","","","","",""
"KV","AI1","","",35400,8,44000,440,50,35500,1281,"KV.AI1",43800,35400,44000,35400,58,41780,46665.34,701,100.14,41547.83,43704.75,3281,109.37
"KV","CI1","","",42500,3,42300,705,150,33100,415,"KV.CI1",33000,42500,42500,33000,88,36985,36151.59,473,67.57,37486.46,36717.08,1768,58.93
"KV","CI2","","",30000,"","",0,"","",0,"KV.CI2","","","","","","","","","","","","",""
"KV","IC1","","",35300,6,39900,275,44,35300,529,"KV.IC1",35300,35300,35300,35300,8,36481.25,37217.6,125,17.86,40078.95,41713.99,736,24.53
"KV","NC1","","",41500,390,41500,457,10,34100,901,"KV.NC1",41400,41500,41500,41400,41,41405,41452.04,367,52.43,40299.07,41500.41,1692,56.4
"KV","NC2","","",34000,34,34000,34,"","",0,"KV.NC2","","","","","",34000,34000,50,7.14,31666.67,33304.96,141,4.7
"LBH","AI1","","",6050,20,6030,7579,24,5520,832,"LBH.AI1",6150,6050,6150,5510,466,6176.25,6040.33,2174,310.57,6550.95,6459.1,8774,292.47
"LBH","CI1","","",6280,158,6280,1935,6,5800,1795,"LBH.CI1",6300,6280,6320,6270,173,6143.75,6280.98,1202,171.71,6433.28,6531.12,6940,231.33
"LBH","CI2","","",6253.6,44,6500,444,"","",0,"LBH.CI2","","","","","","","","","",6166.67,6100,30,1
"LBH","IC1","","",5940,110,5940,3455,4,5240,1285,"LBH.IC1",5770,5970,5980,5220,497,5905.36,5909.33,1615,230.71,6392.08,6518.41,7996,266.53
"LBH","NC1","","",5760,80,5750,6006,30,5220,2296,"LBH.NC1",5780,5760,5780,5210,361,5837.08,5833,2248,321.14,5993.97,6026.05,12277,409.23
"LBH","NC2","","",5800,147,5800,2591,20,4470,20,"LBH.NC2",5800,5800,5800,5800,114,5380,5403.57,224,32,5658.57,5763.37,658,21.93
"LC","AI1","","",14500,34,14500,466,15,10100,921,"LC.AI1",14700,14600,14700,14600,4,14866.67,14936.17,94,13.43,14531.9,14579.23,544,18.13
"LC","CI1","","",10000,9,10000,789,100,7000,583,"LC.CI1","","","","","",10450,10138.46,13,1.86,10041.56,9845.23,128,4.27
"LC","CI2","","",3180.05,24,9000,64,"","",0,"LC.CI2","","","","","","","","","","","","",""
"LC","IC1","","",13000,2,13000,362,10,11500,268,"LC.IC1",13000,13000,13000,13000,21,13208.33,13167.65,68,9.71,13143.75,12999.15,354,11.8
"LC","NC1","","",10100,464,10100,1727,80,8500,1191,"LC.NC1",10000,10100,10100,10000,166,9925,9820,380,54.29,9640.63,9415.63,992,33.07
"LC","NC2","","",5000,75,7000,145,"","",0,"LC.NC2","","","","","","","","","","","","",""
"LCB","AI1","","",401000,2,696000,46,2,401000,4,"LCB.AI1","","","","","",401000,401000,2,0.29,428250,461857.14,7,0.23
"LCB","CI1","","",709000,1,709000,38,"","",0,"LCB.CI1","","","","","","","","","",727000,724100,10,0.33
"LCB","CI2","","",352370.59,"","",0,"","",0,"LCB.CI2","","","","","","","","","","","","",""
"LCB","IC1","","",799000,10,799000,14,1,511000,2,"LCB.IC1","","","","","","","","","",747250,747250,4,0.13
"LCB","NC1","","",700000,2,700000,46,1,350000,4,"LCB.NC1","","","","","",700000,700000,1,0.14,708500,708666.67,9,0.3
"LCB","NC2","","",352370.59,"","",0,"","",0,"LCB.NC2","","","","","","","","","","","","",""
"LCR","AI1","","",4000,2,3000,313,100,1800,100,"LCR.AI1","","","","","","","","","",4000,4000,4,0.13
"LCR","CI1","","",5600,36,5600,36,5,3800,5,"LCR.CI1",5600,5600,5600,5600,5,5600,5600,5,0.71,5469.29,5435.14,37,1.23
"LCR","CI2","","",2948.66,53,7370,53,"","",0,"LCR.CI2","","","","","","","","","","","","",""
"LCR","IC1","","",7000,89,7000,189,5,2200,10,"LCR.IC1","","","","","",7000,7000,12,1.71,7000,7000,35,1.17
"LCR","NC1","","",2120,10,6000,10,15,2120,15,"LCR.NC1","","","","","","","","","",2120,2120,20,0.67
"LCR","NC2","","",2948.66,"","",0,"","",0,"LCR.NC2","","","","","","","","","","","","",""
"LD","AI1","","",12000,39,12000,1815,50,11000,550,"LD.AI1","","","","","",11800,11744.44,9,1.29,11753.85,11315.71,191,6.37
"LD","CI1","","",22400,4,22300,62,30,10000,72,"LD.CI1",22400,22400,22400,22400,4,23700,23514.29,7,1,14033.33,11573.75,80,2.67
"LD","CI2","","",5116.13,"","",0,"","",0,"LD.CI2","","","","","","","","","","","","",""
"LD","IC1","","",20000,"","",0,10,10000,11,"LD.IC1",20000,20000,20000,20000,1,16500,13583.33,12,1.71,13278.57,12078.86,123,4.1
"LD","NC1","","",13098.98,119,13200,414,100,10800,483,"LD.NC1",13000,13200,13200,13000,98,13000,13064.41,118,16.86,12458.33,12395.87,339,11.3
"LD","NC2","","",5116.13,"","",0,"","",0,"LD.NC2","","","","","","","","","","","","",""
"LDE","AI1","","",14700,173,14600,2591,4,14000,2302,"LDE.AI1",14900,14500,14900,13500,516,13935.71,13906.02,2758,394,13789.17,13725.88,12105,403.5
"LDE","CI1","","",14797.13,180,14900,1485,215,12400,947,"LDE.CI1",12700,14700,14700,12300,405,13971.43,13830.91,1388,198.29,13488.33,13530.33,6733,224.43
"LDE","CI2","","",14000,79,14000,310,"","",0,"LDE.CI2","","","","","","","","","",14000,14000,12,0.4
"LDE","IC1","","",13900,160,13900,1924,7,12900,1835,"LDE.IC1",12500,14100,14100,12500,763,13139.29,12942.69,1293,184.71,13334.17,13251.11,6157,205.23
"LDE","NC1","","",14677.41,8,15000,2234,150,13200,3200,"LDE.NC1",14200,14900,14900,13000,434,14139.29,13833.04,2797,399.57,13927.5,13781.54,9664,322.13
"LDE","NC2","","",12500,20,13800,286,18,12500,20,"LDE.NC2","","","","","",11900,11879.31,58,8.29,13711.11,14446.9,226,7.53
"LDI","AI1","","",545,665,545,1531,1000,500,1500,"LDI.AI1","","","","","","","","","",544.33,544.02,1449,48.3
"LDI","CI1","","",573,201,572,4311,572,400,572,"LDI.CI1","","","","","","","","","",511.71,546.39,1737,57.9
"LDI","CI2","","",282.87,"","",0,"","",0,"LDI.CI2","","","","","","","","","","","","",""
"LDI","IC1","","",500,600,599,1100,10,450,10,"LDI.IC1","","","","","","","","","",552.08,546.57,1547,51.57
"LDI","NC1","","",499,9168,499,21996,812,208,812,"LDI.NC1","","","","","",499,499,600,85.71,498.93,498.99,2435,81.17
"LDI","NC2","","",375,20,740,20,"","",0,"LDI.NC2","","","","","","","","","","","","",""
"LES","AI1","","",705.21,100,995,5637,183,500,183,"LES.AI1","","","","","","","","","",750,797.03,101,3.37
"LES","CI1","","",1270,200,998,1279,50,350,150,"LES.CI1","","","","","","","","","",1135,1015.45,145,4.83
"LES","CI2","","",228.57,100,1100,300,"","",0,"LES.CI2","","","","","","","","","","","","",""
"LES","IC1","","",481.96,5,900,725,100,350,250,"LES.IC1","","","","","","","","","",475.5,491.53,170,5.67
"LES","NC1","","",890,103,889,10667,95,750,3095,"LES.NC1","","","","","","","","","",855,846.17,115,3.83
"LES","NC2","","",658,50,1020,50,50,700,50,"LES.NC2","","","","","","","","","",658,658,50,1.67
"LFE","AI1","","",230000,2,229000,98,10,160000,10,"LFE.AI1","","","","","",230000,230000,1,0.14,227192.31,231200,35,1.17
"LFE","CI1","","",196000,17,189000,280,"","",0,"LFE.CI1","","","","","",195166.67,195730.77,26,3.71,203208.33,206010.1,99,3.3
"LFE","CI2","","",75323.07,52,200000,52,"","",0,"LFE.CI2","","","","","","","","","","","","",""
"LFE","IC1","","",220000,17,220000,109,1,210000,18,"LFE.IC1",220000,220000,220000,220000,3,217250,211375,16,2.29,217500,214411.76,34,1.13
"LFE","NC1","","",228450,2,229000,124,2,180000,21,"LFE.NC1",228000,229000,229000,228000,5,229250,228666.67,6,0.86,213270.83,210555.56,63,2.1
"LFE","NC2","","",75323.07,"","",0,"","",0,"LFE.NC2","","","","","","","","","","","","",""
"LFL","AI1","","",419000,17,419000,47,"","",0,"LFL.AI1","","","","","","","","","",419333.33,419333.33,3,0.1
"LFL","CI1","","",400000,1,454000,31,2,300000,3,"LFL.CI1","","","","","",400000,400000,1,0.14,437375,443750,8,0.27
"LFL","CI2","","",156612.59,"","",0,"","",0,"LFL.CI2","","","","","","","","","","","","",""
"LFL","IC1","","",449000,4,450000,8,1,250000,1,"LFL.IC1","","","","","",449000,449000,1,0.14,449000,449000,2,0.07
"LFL","NC1","","",440000,2,440000,7,1,390000,1,"LFL.NC1",440000,440000,440000,440000,1,440000,440000,1,0.14,373714.29,382000,11,0.37
"LFL","NC2","","",156612.59,"","",0,"","",0,"LFL.NC2","","","","","","","","","","","","",""
"LFP","AI1","","",15000,5,10000,15,8,7500,8,"LFP.AI1","","","","","","","","","",15000,15000,7,0.23
"LFP","CI1","","",8990,114,8990,166,16,7500,16,"LFP.CI1","","","","","","","","","",8908.33,8980.75,106,3.53
"LFP","CI2","","",7378.11,"","",0,"","",0,"LFP.CI2","","","","","","","","","","","","",""
"LFP","IC1","","",14500,20,14500,70,6,5000,6,"LFP.IC1","","","","","","","","","",11000,7614.75,61,2.03
"LFP","NC1","","",14900,73,14800,227,9,7500,9,"LFP.NC1","","","","","","","","","","","","",""
"LFP","NC2","","",7378.11,"","",0,"","",0,"LFP.NC2","","","","","","","","","","","","",""
"LHP","AI1","","",4700,28,4690,3370,100,4000,8297,"LHP.AI1",4690,4700,4700,4690,467,4697.5,4698.74,988,141.14,4369.74,4217.24,4164,138.8
"LHP","CI1","","",3900,88,4700,2666,98,3900,330,"LHP.CI1",4690,4700,4700,4690,84,4660,4393.69,539,77,4786.3,4715.03,2886,96.2
"LHP","CI2","","",4600,128,4600,218,"","",0,"LHP.CI2","","","","","",4600,4600,15,2.14,4600,4600,42,1.4
"LHP","IC1","","",4490,325,4490,2142,200,3840,1802,"LHP.IC1",4490,4490,4490,4490,62,4555.83,4586.66,290,41.43,4563.21,4484.47,2255,75.17
"LHP","NC1","","",4600,191,4500,9453,32,4000,1948,"LHP.NC1",4300,4600,4600,4300,369,4319.5,4310.6,772,110.29,4571.02,4355.77,3608,120.27
"LHP","NC2","","",4200,130,4200,240,50,3700,50,"LHP.NC2","","","","","",4200,4200,13,1.86,4200,4200,26,0.87
"LI","AI1","","",1820,1157,1820,14336,400,1710,19209,"LI.AI1",1750,1820,1820,1700,275,1815,1802.59,6569,938.43,1892.98,1885.22,24025,800.83
"LI","CI1","","",1606.96,200,1790,14762,400,1610,1870,"LI.CI1",1610,1600,1610,1600,280,1837.5,1807.03,819,117,1822.61,1797.49,10821,360.7
"LI","CI2","","",1200,152,2100,152,"","",0,"LI.CI2","","","","","","","","","","","","",""
"LI","IC1","","",1660,40,1870,3989,390,1660,7784,"LI.IC1",1820,1660,1880,1660,619,1775,1816.34,2369,338.43,1814.02,1845.28,14564,485.47
"LI","NC1","","",1810,5,1950,15387,395,1810,10037,"LI.NC1","","","","","",1947.08,1945.21,6217,888.14,1904.35,1938.58,20397,679.9
"LI","NC2","","",2190,"","",0,20,1720,70,"LI.NC2","","","","","","","","","","","","",""
"LIO","AI1","","",396,2297,396,68803,1000,331,12347,"LIO.AI1",396,396,396,330,224,390.88,393.84,2147,306.71,361.59,335.88,49022,1634.07
"LIO","CI1","","",227.09,4584,309,41552,967,220,967,"LIO.CI1",230,220,230,220,436,225,229.17,436,62.29,250.93,252.39,8467,282.23
"LIO","CI2","","",360,981,350,2307,"","",0,"LIO.CI2","","","","","","","","","","","","",""
"LIO","IC1","","",211.88,4116,336,32626,2046,200,2046,"LIO.IC1",220,200,220,200,1454,264.88,252.22,5625,803.57,305.75,281.63,13264,442.13
"LIO","NC1","","",308,3010,308,61977,882,245,17915,"LIO.NC1",308,308,308,308,20,293.64,287.37,6393,913.29,295.59,302.49,33310,1110.33
"LIO","NC2","","",330,"","",0,50,269,119,"LIO.NC2","","","","","","","","","","","","",""
"LIS","AI1",450000,"",455000,1,570000,104,2,455000,104,"LIS.AI1","","","","","",455000,455000,1,0.14,455000,455000,1,0.03
"LIS","CI1",450000,"",568583.31,1,568000,10,100,450000,100,"LIS.CI1","","","","","",568500,568666.67,3,0.43,549000,539150,20,0.67
"LIS","CI2","","",256217.67,"","",0,"","",0,"LIS.CI2","","","","","","","","","","","","",""
"LIS","IC1",450000,"",450000,11,579000,12,3,455000,103,"LIS.IC1","","","","","","","","","",450000,450000,11,0.37
"LIS","NC1",450000,"",550000,4,550000,16,2,453000,133,"LIS.NC1","","","","","",550000,550000,1,0.14,522500,520833.33,12,0.4
"LIS","NC2","","",256217.67,"","",0,"","",0,"LIS.NC2","","","","","","","","","","","","",""
"LIT","AI1","","",24400,14,27500,401,171,24400,171,"LIT.AI1","","","","","","","","","",24666.67,24588.24,17,0.57
"LIT","CI1","","",19000,4,50000,4,"","",0,"LIT.CI1","","","","","","","","","","","","",""
"LIT","CI2","","",13530.98,"","",0,"","",0,"LIT.CI2","","","","","","","","","","","","",""
"LIT","IC1","","",25000,"","",0,"","",0,"LIT.IC1","","","","","","","","","",25000,25000,4,0.13
"LIT","NC1","","",24000,1,27000,22,"","",0,"LIT.NC1","","","","","","","","","","","","",""
"LIT","NC2","","",13530.98,"","",0,"","",0,"LIT.NC2","","","","","","","","","","","","",""
"LOG","AI1",68000,"",68000,2,69900,31,100,68000,100,"LOG.AI1",68600,68000,69000,68000,51,68466.67,68325.71,70,10,68423.96,68197.63,675,22.5
"LOG","CI1",68000,"",70000,14,70000,39,100,68000,106,"LOG.CI1","","","","","",69700,69451.61,31,4.43,69007.89,68561.23,227,7.57
"LOG","CI2","","",65000,"","",0,"","",0,"LOG.CI2","","","","","","","","","","","","",""
"LOG","IC1",68000,"",74000,72,74000,98,100,68000,120,"LOG.IC1",74000,74000,74000,74000,4,72360,68408.33,228,32.57,72823.81,68957.14,441,14.7
"LOG","NC1",68000,"",74400,3,74400,974,1,68300,101,"LOG.NC1",74400,74400,74400,74400,1,74466.67,74490,10,1.43,72920.24,69082.34,368,12.27
"LOG","NC2","","",69700,"","",0,"","",0,"LOG.NC2","","","","","","","","","","","","",""
"LSE","AI1","","",13400,177,13300,4488,4,12000,2012,"LSE.AI1",13300,13400,13400,11100,305,12539.29,12424.27,1978,282.57,12882.5,12695.69,8950,298.33
"LSE","CI1","","",11400,18,11400,1457,238,10800,816,"LSE.CI1",10700,11300,11600,10600,206,11946.43,11858.19,928,132.57,12364.17,12136.42,5277,175.9
"LSE","CI2","","",12000,64,12000,85,"","",0,"LSE.CI2","","","","","","","","","",12000,12000,22,0.73
"LSE","IC1","","",11700,121,11700,3381,84,11100,278,"LSE.IC1",11400,11200,11800,11200,294,11771.43,11788.21,738,105.43,12441.67,12536.17,4661,155.37
"LSE","NC1","","",12000,15,12000,5442,13,11800,2709,"LSE.NC1",12000,12000,12100,10600,309,11882.14,11803.52,1674,239.14,12289.17,12019.03,7524,250.8
"LSE","NC2","","",12500,20,12800,117,20,11600,20,"LSE.NC2",12500,12500,12500,12500,8,12375,12333.33,24,3.43,12409.09,12349.65,143,4.77
"LSL","AI1","","",400000,1,400000,24,"","",0,"LSL.AI1","","","","","","","","","","","","",""
"LSL","CI1","","",486000,2,400000,16,1,370000,1,"LSL.CI1","","","","","","","","","","","","",""
"LSL","CI2","","",223532.02,"","",0,"","",0,"LSL.CI2","","","","","","","","","","","","",""
"LSL","IC1","","",440000,3,440000,14,"","",0,"LSL.IC1","","","","","","","","","",440000,440000,2,0.07
"LSL","NC1","","",410000,6,409000,13,1,200000,5,"LSL.NC1","","","","","","","","","",410000,410000,2,0.07
"LSL","NC2","","",223532.02,"","",0,"","",0,"LSL.NC2","","","","","","","","","","","","",""
"LST","AI1",34,"",175.32,923,179,289159,138,165,98244,"LST.AI1",179,165,179,145,3892,164.32,166.15,43648,6235.43,162.47,163.95,182580,6086
"LST","CI1",34,"",185,131,175,111464,695,169,63690,"LST.CI1",171,185,185,171,4583,175.54,178.24,23494,3356.29,168.09,169.46,133842,4461.4
"LST","CI2","","",133,1000,133,13949,"","",0,"LST.CI2","","","","","","","","","",133,133,3019,100.63
"LST","IC1",34,"",225,757,225,85668,42,176,63052,"LST.IC1",197,220,220,170,8724,203.82,201.26,38648,5521.14,191.2,192.44,151418,5047.27
"LST","NC1",34,"",199.59,10923,200,74900,149,170,45490,"LST.NC1",165,199,199,165,3243,178.29,180.34,34545,4935,183.75,185.95,112427,3747.57
"LST","NC2","","",120,2182,120,15667,400,119,400,"LST.NC2",120,120,120,120,413,119.2,119.17,2026,289.43,138.63,141.43,6028,200.93
"LTA","AI1","","",5380,8,5380,5136,22,4790,3976,"LTA.AI1",4770,5380,5400,4770,118,5206.79,5346.59,1348,192.57,5160,5212.43,5853,195.1
"LTA","CI1","","",4924.93,13,4990,4651,97,4110,456,"LTA.CI1",5000,4890,5000,4120,29,4714.17,4703.64,371,53,4767.07,4725.84,3387,112.9
"LTA","CI2","","",5500,58,5500,478,280,4000,280,"LTA.CI2","","","","","","","","","",5500,5500,12,0.4
"LTA","IC1","","",4840,70,4840,3090,22,4620,783,"LTA.IC1",4830,4840,4850,4620,310,4751.07,4773.56,651,93,4886.58,4862.12,2763,92.1
"LTA","NC1","","",4690.15,135,4700,12004,200,4400,1835,"LTA.NC1",4740,4670,4740,4300,277,4647.08,4626.73,1027,146.71,4715.09,4678.51,6457,215.23
"LTA","NC2","","",4810,11,4810,139,16,4370,83,"LTA.NC2",4810,4810,4810,4810,8,4627.5,4550,24,3.43,4637.5,4554.19,148,4.93
"LU","AI1","","",145000,18,145000,49,"","",0,"LU.AI1","","","","","","","","","","","","",""
"LU","CI1","","",132083.33,8,135000,8,20,90000,20,"LU.CI1","","","","","","","","","",132500,132000,5,0.17
"LU","CI2","","",62139.35,"","",0,"","",0,"LU.CI2","","","","","","","","","","","","",""
"LU","IC1","","",120000,"","",0,4,60000,4,"LU.IC1","","","","","","","","","","","","",""
"LU","NC1","","",140000,"","",0,1,90100,40,"LU.NC1","","","","","","","","","","","","",""
"LU","NC2","","",62139.35,"","",0,"","",0,"LU.NC2","","","","","","","","","","","","",""
"MAG","AI1",87,"",90.61,16,150,7305,50,100,2738,"MAG.AI1","","","","","","","","","",179.33,160.68,382,12.73
"MAG","CI1",87,"",87,66,399,676,100,100,200,"MAG.CI1","","","","","","","","","",87,87,137,4.57
"MAG","CI2","","",117.55,14,300,14,"","",0,"MAG.CI2","","","","","","","","","","","","",""
"MAG","IC1",87,"",300,129,300,843,11,120,394,"MAG.IC1","","","","","","","","","",725.15,935.7,329,10.97
"MAG","NC1",87,"",308,10,308,7009,18,250,2347,"MAG.NC1","","","","","",197,198.39,66,9.43,164.6,164.54,490,16.33
"MAG","NC2","","",117.55,10,350,10,200,131,200,"MAG.NC2","","","","","","","","","","","","",""
"MAI","AI1",86,"",461,942,500,33308,66,465,36150,"MAI.AI1",499,461,500,461,1229,494.79,504.37,6193,884.71,503.91,507.1,52019,1733.97
"MAI","CI1",86,"",517,648,500,14729,2000,454,39826,"MAI.CI1",515,517,517,515,997,523.5,524.1,5772,824.57,547.86,546.85,40382,1346.07
"MAI","CI2","","",400,100,498,244,"","",0,"MAI.CI2","","","","","","","","","","","","",""
"MAI","IC1",86,"",500,20,539,5881,30,450,26583,"MAI.IC1",489,500,500,441,2950,476.5,484.12,21363,3051.86,466.41,473.75,92802,3093.4
"MAI","NC1",86,"",591,470,591,14094,2000,476,53450,"MAI.NC1",594,592,594,475,891,555.79,549.85,10997,1571,531.63,532.29,44677,1489.23
"MAI","NC2","","",396,250,436,250,506,396,506,"MAI.NC2","","","","","",396,396,494,70.57,396,396,494,16.47
"MB","AI1","","",8500,975,9200,5120,78,8500,528,"MB.AI1","","","","","",8922.5,9161.36,162,23.14,9085.45,9241,600,20
"MB","CI1","","",8446.42,100,9880,490,61,6130,91,"MB.CI1","","","","","",8445,8447.84,148,21.14,8264.5,8230.87,912,30.4
"MB","CI2","","",8000,"","",0,"","",0,"MB.CI2","","","","","","","","","","","","",""
"MB","IC1","","",8620,60,8620,1374,10,8500,292,"MB.IC1","","","","","",8620,8620,5,0.71,8536,8272.84,927,30.9
"MB","NC1","","",8740,509,8740,4062,500,8200,1000,"MB.NC1","","","","","",8633.5,8507.37,639,91.29,8687.76,8545.68,2029,67.63
"MB","NC2","","",8400,"","",0,"","",0,"MB.NC2","","","","","","","","","","","","",""
"MCB","AI1","","",519314.44,"","",0,"","",0,"MCB.AI1","","","","","","","","","",510000,510000,3,0.1
"MCB","CI1","","",475000,1,520000,2,"","",0,"MCB.CI1","","","","","","","","","",468000,468000,3,0.1
"MCB","CI2","","",174463.09,"","",0,"","",0,"MCB.CI2","","","","","","","","","","","","",""
"MCB","IC1","","",498000,1,499000,1,"","",0,"MCB.IC1","","","","","",498000,498000,1,0.14,498000,498000,2,0.07
"MCB","NC1","","",479000,1,520000,6,"","",0,"MCB.NC1","","","","","","","","","",476333.33,476333.33,3,0.1
"MCB","NC2","","",174463.09,"","",0,"","",0,"MCB.NC2","","","","","","","","","","","","",""
"MCG","AI1",20.8,67.5,59.8,7884,59.8,208004,300,51.2,74291,"MCG.AI1",60,60,60,51,23990,54.39,54.48,389566,55652.29,49.51,51.3,910391,30346.37
"MCG","CI1",19.3,62.7,50,17927,50,181481,10,49,160779,"MCG.CI1",46.4,43.3,50,43.3,73389,46.53,47.05,200912,28701.71,43.98,43.49,1191747,39724.9
"MCG","CI2","","",49,14653,49,37418,5000,35,6400,"MCG.CI2","","","","","",49,49,524,74.86,45.5,45.13,15617,520.57
"MCG","IC1",21.2,68.7,57,3313,57,259083,220,54.2,217953,"MCG.IC1",57.5,57.2,57.5,54,33594,57.04,55.52,455348,65049.71,52.33,52.98,1159835,38661.17
"MCG","NC1",20.7,67.4,57.4,993,57.4,223597,14357,51,413391,"MCG.NC1",50.6,57.3,57.5,50.6,33794,54.05,55.53,171996,24570.86,49.68,49.95,937537,31251.23
"MCG","NC2","","",45,84938,55,84938,120,5,120,"MCG.NC2",40,45,45,40,1346,44.17,44.68,8926,1275.14,44.76,44.93,51830,1727.67
"MEA","AI1","","",5130,89,5210,15428,185,5120,7003,"MEA.AI1",5210,5220,5220,5200,287,5199.58,5197.88,2198,314,5454.91,5359.67,14158,471.93
"MEA","CI1","","",4970,74,4970,5216,50,4520,1222,"MEA.CI1",4970,4970,4970,4970,180,4999,4725.37,1004,143.43,5441.1,5381.4,8933,297.77
"MEA","CI2","","",3800,500,5850,520,"","",0,"MEA.CI2","","","","","","","","","","","","",""
"MEA","IC1","","",4570,2,4740,9163,50,4570,10569,"MEA.IC1",4790,4770,4830,4560,822,4788.57,4691.75,4338,619.71,4981.25,5046.69,35492,1183.07
"MEA","NC1","","",5130,85,5130,18641,603,5020,2606,"MEA.NC1",5160,5150,5160,5150,97,5117.14,5175.22,3243,463.29,5324.74,5288.24,19226,640.87
"MEA","NC2","","",5000,20,3900,36,"","",0,"MEA.NC2","","","","","","","","","","","","",""
"MED","AI1","","",1730,998,1730,44325,16,1560,6764,"MED.AI1",1730,1730,1730,1560,900,1543.75,1531.94,7992,1141.71,1596.38,1545.3,36542,1218.07
"MED","CI1","","",1710,1483,1710,25310,1000,1250,2000,"MED.CI1",1700,1700,1700,1200,3678,1668.75,1478.55,6239,891.29,1650,1556.8,20019,667.3
"MED","CI2","","",1700,1329,1700,1780,189,1300,189,"MED.CI2","","","","","","","","","",1700,1700,9,0.3
"MED","IC1","","",1790,414,1790,15416,173,1360,2818,"MED.IC1",1790,1780,1790,1360,1700,1747.5,1687.63,5253,750.43,1598.75,1510.96,25611,853.7
"MED","NC1","","",1790,106,1790,37405,150,1450,7737,"MED.NC1",1790,1790,1790,1430,881,1727.92,1595.62,7789,1112.71,1648.28,1586.38,36642,1221.4
"MED","NC2","","",1900,44,1900,744,500,1660,670,"MED.NC2","","","","","",1900,1900,56,8,2180,2088.65,141,4.7
"MFE","AI1","","",108000,12,108000,172,"","",0,"MFE.AI1",108000,108000,108000,108000,1,108000,108000,7,1,110545.45,110434.78,23,0.77
"MFE","CI1","","",105000,6,104000,248,"","",0,"MFE.CI1","","","","","",105000,105000,2,0.29,110090.91,108718.75,32,1.07
"MFE","CI2","","",43967.34,"","",0,"","",0,"MFE.CI2","","","","","","","","","","","","",""
"MFE","IC1","","",127000,1,127000,115,2,100000,3,"MFE.IC1",127000,127000,127000,127000,1,118000,116200,5,0.71,110800,111571.43,7,0.23
"MFE","NC1","","",105000,16,105000,250,"","",0,"MFE.NC1",105000,105000,105000,105000,2,105000,105000,4,0.57,101812.5,103200,25,0.83
"MFE","NC2","","",43967.34,"","",0,"","",0,"MFE.NC2","","","","","","","","","","","","",""
"MFK","AI1","","",349,766,349,19262,225,260,110228,"MFK.AI1",359,349,359,241,432,351.96,357.27,3208,458.29,340.23,337.68,29607,986.9
"MFK","CI1","","",325,17,325,39666,12,290,112113,"MFK.CI1",329,329,329,285,774,314.64,308.87,3865,552.14,315.91,309.81,16792,559.73
"MFK","CI2","","",395,640,395,2616,"","",0,"MFK.CI2","","","","","",395,395,12,1.71,395,395,292,9.73
"MFK","IC1","","",332,24,332,24844,50,260,101962,"MFK.IC1",334,332,334,332,284,326.42,318.73,10777,1539.57,328.82,315.22,28937,964.57
"MFK","NC1","","",309,161,309,70500,500,262,119111,"MFK.NC1",313,300,315,260,1023,297.18,283.65,29709,4244.14,286.02,278.96,113440,3781.33
"MFK","NC2","","",275,440,275,1040,600,270,600,"MFK.NC2",275,275,275,275,12,275,275,60,8.57,275,275,60,2
"MFL","AI1","","",178387.2,1,176000,56,"","",0,"MFL.AI1","","","","","","","","","",179000,179000,4,0.13
"MFL","CI1","","",200000,9,200000,10,"","",0,"MFL.CI1","","","","","","","","","",200000,200000,1,0.03
"MFL","CI2","","",78679.64,"","",0,"","",0,"MFL.CI2","","","","","","","","","","","","",""
"MFL","IC1","","",200000,1,190000,5,1,125000,1,"MFL.IC1","","","","","",200000,200000,1,0.14,207000,207000,4,0.13
"MFL","NC1","","",159000,6,165000,20,1,100000,1,"MFL.NC1","","","","","",158666.67,158666.67,3,0.43,148166.67,141285.71,7,0.23
"MFL","NC2","","",78679.64,"","",0,"","",0,"MFL.NC2","","","","","","","","","","","","",""
"MG","AI1","","",175,89,174,28984,707,118,44845,"MG.AI1",174,118,175,117,5247,153.75,153.41,30581,4368.71,152.32,143.45,161267,5375.57
"MG","CI1","","",165,1076,165,24372,350,130,101263,"MG.CI1",176,178,178,125,6478,168.36,169.07,21367,3052.43,140.03,139.54,147592,4919.73
"MG","CI2","","",100,8927,100,75976,"","",0,"MG.CI2","","","","","","","","","",100,100,2323,77.43
"MG","IC1","","",150,1890,149,21905,1796,130,6960,"MG.IC1",150,149,150,130,1297,151.75,153.84,25639,3662.71,158.98,150.43,132732,4424.4
"MG","NC1","","",123,24356,155,289118,308,123,67763,"MG.NC1",148,123,155,122,7582,141.61,149.63,23218,3316.86,136.76,134.16,179780,5992.67
"MG","NC2","","",231.45,"","",0,100,96,900,"MG.NC2","","","","","","","","","",184.7,162.3,2422,80.73
"MGC","AI1","","",40000,4,39000,20,"","",0,"MGC.AI1","","","","","","","","","","","","",""
"MGC","CI1","","",14400,14,13800,95,"","",0,"MGC.CI1","","","","","","","","","","","","",""
"MGC","CI2","","",8511.92,105,17000,110,"","",0,"MGC.CI2","","","","","","","","","","","","",""
"MGC","IC1","","",19900,121,19700,133,"","",0,"MGC.IC1","","","","","","","","","",16950,19478.57,28,0.93
"MGC","NC1","","",6039.28,37,12800,389,"","",0,"MGC.NC1","","","","","","","","","",12800,12800,1,0.03
"MGC","NC2","","",20000,26,20000,26,"","",0,"MGC.NC2","","","","","","","","","","","","",""
"MGS","AI1",41,"",180,1522,470,17505,906,180,7860,"MGS.AI1",179,180,474,179,197,289.17,329.73,3467,495.29,223.69,236.21,11027,367.57
"MGS","CI1",41,"",287,1176,287,6644,100,218,2286,"MGS.CI1",287,287,287,287,144,281.95,285.49,965,137.86,264.51,250.44,6871,229.03
"MGS","CI2","","",170,7500,200,18145,"","",0,"MGS.CI2","","","","","","","","","","","","",""
"MGS","IC1",41,"",187,1582,187,9911,1000,166,6425,"MGS.IC1",187,187,187,187,103,194.1,193.46,3911,558.71,197.07,191.3,21765,725.5
"MGS","NC1",41,"",196.28,309,199,47457,1000,152,10683,"MGS.NC1",194,194,194,194,63,185.46,164.3,9305,1329.29,195.78,179.01,33991,1133.03
"MGS","NC2","","",190,823,220,1384,200,159,200,"MGS.NC2","","","","","","","","","",190,190,200,6.67
"MHL","AI1","","",6580,2,6570,3885,100,5320,1999,"MHL.AI1",6590,6580,6590,6580,10,6594,6452.98,517,73.86,6710.5,6501.32,5874,195.8
"MHL","CI1","","",6210,6,6780,3621,78,6210,764,"MHL.CI1","","","","","",6731,7089.79,829,118.43,6389.42,6393.72,5007,166.9
"MHL","CI2","","",2700,136,7000,1536,"","",0,"MHL.CI2","","","","","","","","","","","","",""
"MHL","IC1","","",7380,63,7380,1958,16,6170,1311,"MHL.IC1",6140,7380,7390,6140,42,6720,6780.31,1266,180.86,7394.91,7474.12,8059,268.63
"MHL","NC1","","",7180,184,7190,5307,98,5870,2269,"MHL.NC1",5870,7180,7180,5870,148,6215.83,6717.15,284,40.57,6114.02,6633.83,4140,138
"MHL","NC2","","",4850,47,6000,53,100,5590,100,"MHL.NC2","","","","","",4850,4850,6,0.86,5616.67,5892.19,64,2.13
"MHP","AI1","","",8880,3,8870,279,1,3000,1001,"MHP.AI1","","","","","",8877.5,8875.57,70,10,8873.75,8872.6,150,5
"MHP","CI1","","",6000,25,7200,72,94,6000,94,"MHP.CI1","","","","","",6097.5,6113.4,47,6.71,6686.92,6898.74,372,12.4
"MHP","CI2","","",4800,"","",0,"","",0,"MHP.CI2","","","","","","","","","","","","",""
"MHP","IC1","","",5500,60,9000,60,60,4000,132,"MHP.IC1","","","","","",5750,5687.5,160,22.86,6317.5,5991.68,214,7.13
"MHP","NC1","","",7300,92,7300,92,100,5000,100,"MHP.NC1","","","","","","","","","",6237.5,5062.41,407,13.57
"MHP","NC2","","",2094.13,10,5000,110,"","",0,"MHP.NC2","","","","","","","","","","","","",""
"MLI","AI1","","",26000,200,27000,323,39,26000,239,"MLI.AI1","","","","","",26483.33,26586.67,90,12.86,25888.16,26155.67,785,26.17
"MLI","CI1","","",17000,1,29000,86,27,17000,27,"MLI.CI1","","","","","","","","","","","","",""
"MLI","CI2","","",10232.26,"","",0,"","",0,"MLI.CI2","","","","","","","","","","","","",""
"MLI","IC1","","",20000,16,29900,69,8,20000,8,"MLI.IC1","","","","","",20000,20000,2,0.29,28557.14,27487.5,8,0.27
"MLI","NC1","","",24933.33,19,25000,201,27,24000,27,"MLI.NC1","","","","","","","","","",24500,24488.89,45,1.5
"MLI","NC2","","",10232.26,"","",0,"","",0,"MLI.NC2","","","","","","","","","","","","",""
"MPC","AI1","","",2283.57,2332,2290,10340,283,2000,5061,"MPC.AI1","","","","","",2243.33,2273.08,637,91,2256.13,2212.66,3546,118.2
"MPC","CI1","","",2300,319,2300,10028,500,1700,562,"MPC.CI1","","","","","",2300,2300,123,17.57,2196.43,2044.08,989,32.97
"MPC","CI2","","",656.31,"","",0,"","",0,"MPC.CI2","","","","","","","","","","","","",""
"MPC","IC1","","",2150,910,2180,6413,8,1700,70,"MPC.IC1","","","","","",2150,2150,100,14.29,2153.57,2163.12,829,27.63
"MPC","NC1","","",2100,205,2100,4101,995,1500,1215,"MPC.NC1","","","","","",2016.67,2020.06,678,96.86,2091.35,2057.55,3410,113.67
"MPC","NC2","","",400,10,2600,10,"","",0,"MPC.NC2","","","","","","","","","","","","",""
"MSL","AI1","","",220000,1,248000,48,1,220000,1,"MSL.AI1",220000,220000,220000,220000,1,234500,234500,2,0.29,241642.86,243777.78,9,0.3
"MSL","CI1","","",247000,2,247000,26,"","",0,"MSL.CI1","","","","","","","","","",242900,224555.56,9,0.3
"MSL","CI2","","",90378.24,"","",0,1,140000,1,"MSL.CI2","","","","","","","","","","","","",""
"MSL","IC1","","",240000,1,324000,7,1,200000,1,"MSL.IC1","","","","","",240000,240000,3,0.43,242500,242000,5,0.17
"MSL","NC1","","",320000,7,348000,12,1,190000,9,"MSL.NC1",320000,320000,320000,320000,1,320000,320000,2,0.29,284857.14,283909.09,11,0.37
"MSL","NC2","","",90378.24,"","",0,"","",0,"MSL.NC2","","","","","","","","","","","","",""
"MTC","AI1","","",1288.47,100,2990,100,176,1000,1450,"MTC.AI1","","","","","","","","","",964.29,1242.86,308,10.27
"MTC","CI1","","",50,8,2000,166,"","",0,"MTC.CI1","","","","","","","","","","","","",""
"MTC","CI2","","",447.31,"","",0,"","",0,"MTC.CI2","","","","","","","","","","","","",""
"MTC","IC1","","",2900,258,2900,1312,1,70,1,"MTC.IC1","","","","","","","","","",2900,2900,60,2
"MTC","NC1","","",100,2334,2000,5720,2000,60,4000,"MTC.NC1","","","","","","","","","",100,100,48,1.6
"MTC","NC2","","",447.31,"","",0,"","",0,"MTC.NC2","","","","","","","","","","","","",""
"MTP","AI1","","",3600,948,3600,17832,30,2600,4209,"MTP.AI1","","","","","",3616.67,3602.73,55,7.86,4066.36,2147.14,1742,58.07
"MTP","CI1","","",3837.28,174,3840,2310,100,2500,300,"MTP.CI1","","","","","",3830,3830,35,5,4178.85,3888.27,330,11
"MTP","CI2","","",3000,"","",0,"","",0,"MTP.CI2","","","","","","","","","","","","",""
"MTP","IC1","","",3270,24,3940,1782,366,3270,4727,"MTP.IC1","","","","","",3829,3953,1429,204.14,4165.5,4175.91,5934,197.8
"MTP","NC1","","",3500,54,3500,425,50,3160,992,"MTP.NC1",3500,3500,3500,3500,117,3948.75,3463.72,247,35.29,4235.71,3744.68,3906,130.2
"MTP","NC2","","",1023.48,"","",0,"","",0,"MTP.NC2","","","","","","","","","","","","",""
"MUS","AI1","","",300,500,449,14050,235,300,23279,"MUS.AI1","","","","","",334.63,317.26,1505,215,326.42,333.31,16299,543.3
"MUS","CI1","","",448,132,448,2967,812,390,33188,"MUS.CI1",448,448,448,448,649,424.9,399.04,4043,577.57,431.4,421.1,10804,360.13
"MUS","CI2","","",170.36,"","",0,"","",0,"MUS.CI2","","","","","","","","","","","","",""
"MUS","IC1","","",400,20,399,7919,200,310,18484,"MUS.IC1",400,400,400,400,273,389.11,376.81,2879,411.29,370.98,362.64,24943,831.43
"MUS","NC1","","",1500,734,1500,16875,400,291,27712,"MUS.NC1",300,1500,1500,300,169,1335.1,709.06,2155,307.86,934.97,460.26,19896,663.2
"MUS","NC2","","",316,2000,311,2000,"","",0,"MUS.NC2","","","","","","","","","","","","",""
"MWF","AI1","","",266,80,304,28841,221,266,100948,"MWF.AI1","","","","","","","","","",285.5,285.68,888,29.6
"MWF","CI1","","",289,315,289,3851,40,200,102478,"MWF.CI1","","","","","",200,200,100,14.29,233.13,212.86,1235,41.17
"MWF","CI2","","",300,"","",0,"","",0,"MWF.CI2","","","","","","","","","","","","",""
"MWF","IC1","","",450,37,450,8916,50,225,100550,"MWF.IC1","","","","","",450,450,163,23.29,450.1,449.98,1215,40.5
"MWF","NC1","","",281,116,300,17207,194,281,103234,"MWF.NC1","","","","","",290.5,288.78,847,121,310.11,308.43,2321,77.37
"MWF","NC2","","",187.11,100,410,100,"","",0,"MWF.NC2","","","","","","","","","","","","",""
"N","AI1",33,"",114,2423,114,438021,2000,106,158554,"N.AI1",115,115,115,115,4436,113.29,112.26,48735,6962.14,111.33,109.29,307210,10240.33
"N","CI1",33,"",108,514,108,254810,2000,103,32928,"N.CI1",108,108,108,108,2860,106.13,105.79,18195,2599.29,105.93,106.86,126917,4230.57
"N","CI2","","",120,4900,120,6500,1000,100,1500,"N.CI2","","","","","","","","","",120,120,100,3.33
"N","IC1",33,"",109,1000,105,325473,5000,101,151292,"N.IC1",108,109,109,105,11202,106.93,106.8,66851,9550.14,106.47,106.96,244029,8134.3
"N","NC1",33,"",107,31700,106,821605,2000,92.2,82067,"N.NC1",100,100,100,100,3764,98.61,96.78,32937,4705.29,100.14,96.55,210043,7001.43
"N","NC2","","",140.78,4851,190,4851,1000,96,2790,"N.NC2",101,190,190,101,825,175.17,180.13,4507,643.86,137.8,137.34,13888,462.93
"NA","AI1",25,"",25.2,352,25.2,325706,85081,25.1,235181,"NA.AI1",25.1,25.2,25.2,25.1,1625,25.13,25.11,9567,1366.71,26.05,25.74,89872,2995.73
"NA","CI1",25,"",25.1,4461,25.2,43176,132929,25.1,283029,"NA.CI1",25.1,25.1,25.2,25.1,882,25.23,25.12,9021,1288.71,25.24,25.12,55163,1838.77
"NA","CI2","","",15,800,15,14140,5000,12,10546,"NA.CI2","","","","","","","","","",15,15,1200,40
"NA","IC1",25,"",25.1,138,25.2,154469,131852,25.1,331952,"NA.IC1",25.1,25.1,25.2,25.1,1751,25.17,25.11,10399,1485.57,25.1,25.05,118957,3965.23
"NA","NC1",25,"",25.1,4305,25.3,186719,146146,25.1,346246,"NA.NC1",25.3,25.3,25.3,25.1,1352,25.25,25.14,31415,4487.86,25.13,25.06,154080,5136
"NA","NC2","","",16,6000,19,16917,819,16,819,"NA.NC2",16,16,16,16,181,12.7,4.39,5760,822.86,17.08,5.22,6085,202.83
"NAB","AI1","","",164.95,300,169,6782,"","",0,"NAB.AI1","","","","","","","","","",160.63,161.94,9301,310.03
"NAB","CI1","","",130,660,147,30947,1398,130,1398,"NAB.CI1","","","","","",130,130,1340,191.43,145.09,141.65,10212,340.4
"NAB","CI2","","",150,62,350,62,"","",0,"NAB.CI2","","","","","","","","","","","","",""
"NAB","IC1","","",75.33,1643,164,15452,100,90,400,"NAB.IC1","","","","","",130.25,154.69,3305,472.14,137.1,154.63,4355,145.17
"NAB","NC1","","",135,2323,140,29216,100,110,18115,"NAB.NC1",140,135,140,135,1020,140.1,140.21,1670,238.57,145.72,147.38,11590,386.33
"NAB","NC2","","",140,1170,300,1170,500,107,1680,"NAB.NC2","","","","","","","","","","","","",""
"NCS","AI1","","",43.5,352868,43.5,1845587,1500,40,473113,"NCS.AI1",43.5,43.5,43.5,43.5,109218,43.4,43.42,234322,33474.57,43.1,43.25,597086,19902.87
"NCS","CI1","","",41.88,40993,42,638164,30000,39,41618,"NCS.CI1","","","","","",41.23,40.96,96651,13807.29,41.41,42.04,486791,16226.37
"NCS","CI2","","",72,1367,56,3359,"","",0,"NCS.CI2","","","","","","","","","","","","",""
"NCS","IC1","","",43.7,30765,43.7,400403,1500,37.3,177497,"NCS.IC1",43.7,43.7,43.7,43.7,1794,43.05,43.44,23008,3286.86,44.94,43.09,299159,9971.97
"NCS","NC1","","",33.6,51718,42.4,3262613,232339,33.5,546339,"NCS.NC1",42,33.6,42.4,33.6,113845,39.82,37.68,394945,56420.71,37.58,35.98,2218419,73947.3
"NCS","NC2","","",42,6000,42,13205,"","",0,"NCS.NC2","","","","","","","","","","","","",""
"NE","AI1",150,"",375,2116,375,7726,200,290,8131,"NE.AI1","","","","","",375,375,1736,248,371.74,375,28661,955.37
"NE","CI1",150,"",470,1865,470,8352,100,400,1342,"NE.CI1","","","","","",471.88,470.63,439,62.71,434.17,429.5,4981,166.03
"NE","CI2","","",400,"","",0,"","",0,"NE.CI2","","","","","","","","","","","","",""
"NE","IC1",150,"",418,4,417,23085,175,332,3188,"NE.IC1","","","","","",417.88,417.98,505,72.14,416.28,417.2,5638,187.93
"NE","NC1",150,"",494,2300,480,20660,200,336,2955,"NE.NC1","","","","","",494.85,494.81,957,136.71,489.6,485.95,6240,208
"NE","NC2","","",200,"","",0,188,375,188,"NE.NC2","","","","","","","","","","","","",""
"NF","AI1","","",10000,68,10000,100,98,8000,118,"NF.AI1","","","","","",10000,10000,2,0.29,9333.33,9800,20,0.67
"NF","CI1","","",8400,6,8400,170,"","",0,"NF.CI1","","","","","",8400,8400,1,0.14,8400,8400,3,0.1
"NF","CI2","","",5116.13,"","",0,"","",0,"NF.CI2","","","","","","","","","","","","",""
"NF","IC1","","",20000,42,8500,82,"","",0,"NF.IC1","","","","","","","","","","","","",""
"NF","NC1","","",13800,21,13700,231,"","",0,"NF.NC1","","","","","",13800,13800,4,0.57,13850,13820,5,0.17
"NF","NC2","","",5116.13,"","",0,"","",0,"NF.NC2","","","","","","","","","","","","",""
"NFI","AI1","","",16,265715,16,1596868,10000,15.6,763745,"NFI.AI1",18,18,18,18,6598,17.79,17.63,67373,9624.71,17.48,16.11,608591,20286.37
"NFI","CI1","","",17.7,11738,17.7,463575,15000,15,120247,"NFI.CI1",17.7,17.7,17.7,17.7,3262,17.59,17.08,49030,7004.29,17.46,17.05,97195,3239.83
"NFI","CI2","","",15,8400,20,8400,"","",0,"NFI.CI2","","","","","","","","","","","","",""
"NFI","IC1","","",17.5,70434,17.5,527170,92200,16.1,514199,"NFI.IC1",17.5,17.5,17.5,17.5,2588,17.23,17.05,25850,3692.86,17.21,17.11,127691,4256.37
"NFI","NC1","","",16.8,49847,16.8,2618132,50000,16.1,650000,"NFI.NC1",16.8,16.8,16.8,16.8,1000,16.73,16.19,474417,67773.86,16.96,16.34,642255,21408.5
"NFI","NC2","","",18,2800,18,12800,"","",0,"NFI.NC2","","","","","","","","","","","","",""
"NG","AI1","","",1780,41,1780,14392,400,1310,3475,"NG.AI1",1780,1780,1780,1780,518,1772,1776.72,732,104.57,1693.25,1738.12,5023,167.43
"NG","CI1","","",2362.5,237,2370,3993,224,1000,224,"NG.CI1",2350,2370,2370,2350,64,2211.5,2049.68,282,40.29,2203.19,2142.26,1245,41.5
"NG","CI2","","",1300,"","",0,"","",0,"NG.CI2","","","","","","","","","",1300,1300,37,1.23
"NG","IC1","","",2168.96,320,2180,1387,4,1200,1695,"NG.IC1",2150,2180,2180,1600,159,2126.88,2147.68,190,27.14,1938.97,2103.55,424,14.13
"NG","NC1","","",1470,1914,1470,12425,5,1060,5299,"NG.NC1",1470,1470,1470,1060,179,1389.58,1398.68,1298,185.43,1298.23,1222.66,13749,458.3
"NG","NC2","","",950,76,4000,76,"","",0,"NG.NC2","","","","","","","","","","","","",""
"NL","AI1","","",8100,75,8100,9459,250,7210,3734,"NL.AI1",7200,8100,8100,7200,761,7529.58,7757.87,3345,477.86,7692.59,7816.84,10482,349.4
"NL","CI1","","",7000,40,7450,5207,500,7010,3133,"NL.CI1",6440,7000,7680,6440,569,6977.92,6957.12,4085,583.57,7215.52,7169.25,14860,495.33
"NL","CI2","","",6300,576,8000,626,"","",0,"NL.CI2","","","","","","","","","","","","",""
"NL","IC1","","",7810,314,7810,2225,85,7390,1941,"NL.IC1",7700,7390,7830,7390,153,7637.5,7778.5,785,112.14,7893.53,7998.27,4476,149.2
"NL","NC1","","",8240,4,8200,5789,50,7040,2384,"NL.NC1",7020,8240,8240,7020,362,7376.25,7595.32,1874,267.71,7692.24,7709.07,8206,273.53
"NL","NC2","","",7400,4,7400,24,20,7040,20,"NL.NC2","","","","","",7400,7400,120,17.14,7330,7380.21,283,9.43
"NN","AI1","","",72000,108,72000,365,200,64000,598,"NN.AI1","","","","","",65833.33,62546.22,119,17,64193.33,63553.35,1700,56.67
"NN","CI1","","",58100,33,63600,93,10,50000,10,"NN.CI1","","","","","",58100,58100,97,13.86,60150,59620.11,174,5.8
"NN","CI2","","",30000,"","",0,"","",0,"NN.CI2","","","","","","","","","","","","",""
"NN","IC1","","",58998.65,65,64700,77,8,57100,8,"NN.IC1","","","","","","","","","",59733.33,57551.43,35,1.17
"NN","NC1","","",65000,3,65000,41,33,59000,33,"NN.NC1","","","","","",65000,65000,3,0.43,64000,64684.21,19,0.63
"NN","NC2","","",29378.31,"","",0,"","",0,"NN.NC2","","","","","","","","","","","","",""
"NOZ","AI1","","",75309.56,"","",0,10,11400,57,"NOZ.AI1","","","","","","","","","",82500,70833.33,6,0.2
"NOZ","CI1","","",74621.15,7,95000,13,30,10000,30,"NOZ.CI1","","","","","","","","","",65000,65000,8,0.27
"NOZ","CI2","","",43575.34,"","",0,"","",0,"NOZ.CI2","","","","","","","","","","","","",""
"NOZ","IC1","","",100000,"","",0,12,70000,22,"NOZ.IC1","","","","","","","","","","","","",""
"NOZ","NC1","","",65000,3,99000,12,3,65000,43,"NOZ.NC1","","","","","","","","","","","","",""
"NOZ","NC2","","",43575.34,"","",0,"","",0,"NOZ.NC2","","","","","","","","","","","","",""
"NR","AI1","","",527,1000,640,49751,2000,530,130851,"NR.AI1",673,527,674,525,5650,655.45,654.22,48600,6942.86,560.71,555.76,232760,7758.67
"NR","CI1","","",550,4800,530,21992,7350,450,44967,"NR.CI1",500,450,500,450,8500,507.29,491.01,36721,5245.86,486.13,474.19,172527,5750.9
"NR","CI2","","",500,"","",0,"","",0,"NR.CI2","","","","","","","","","","","","",""
"NR","IC1","","",502,8465,554,35256,600,502,45330,"NR.IC1",553,502,554,502,5135,543.79,544.46,23404,3343.43,537.13,522.1,47994,1599.8
"NR","NC1","","",587,1130,587,51771,2156,460,49356,"NR.NC1",584,587,587,460,6960,557.15,517.18,20147,2878.14,566.73,558.08,131780,4392.67
"NR","NC2","","",400,500,430,1800,"","",0,"NR.NC2",400,400,400,400,2500,400,400,2500,357.14,400,400,2500,83.33
"NS","AI1","","",430,1000,439,107372,415,400,16415,"NS.AI1",418,430,430,400,7362,414.42,417.17,34283,4897.57,411.21,414.31,151345,5044.83
"NS","CI1","","",370,3113,416,94755,4578,370,17840,"NS.CI1",401,416,418,370,3322,403.21,411.99,21932,3133.14,400.16,393.2,160554,5351.8
"NS","CI2","","",312,30,450,3030,4946,312,4946,"NS.CI2","","","","","",381,440.59,264,37.71,395.5,398.77,8168,272.27
"NS","IC1","","",479,2634,479,71646,555,410,20273,"NS.IC1",463,463,464,410,10306,446.21,449.35,65352,9336,433.32,437.09,220299,7343.3
"NS","NC1","","",420.51,1559,453,76566,1763,420,66643,"NS.NC1",427,453,453,420,5033,451.07,453.19,27085,3869.29,428.11,429.14,135734,4524.47
"NS","NC2","","",410,150,440,150,347,410,647,"NS.NC2","","","","","",410,410,2573,367.57,421.17,412.84,3059,101.97
"NST","AI1","","",2690,180,2690,1907,20,1850,451,"NST.AI1",2690,2690,2690,2690,1,2681.07,2672.08,144,20.57,2675.74,2615.74,500,16.67
"NST","CI1","","",2840,94,2840,300,317,2000,317,"NST.CI1",2840,2840,2840,2840,6,2635,2122.06,97,13.86,2526.07,2184.19,279,9.3
"NST","CI2","","",1200,16,2500,66,"","",0,"NST.CI2","","","","","","","","","","","","",""
"NST","IC1","","",2690,1,2690,630,32,1500,55,"NST.IC1",2690,2690,2690,2690,15,2672,2682.5,40,5.71,2619.52,2596.83,278,9.27
"NST","NC1","","",3000,127,3030,1050,250,2000,703,"NST.NC1","","","","","",2799.17,2393.99,208,29.71,2939.87,2272.08,587,19.57
"NST","NC2","","",1570,202,2500,202,20,1710,70,"NST.NC2","","","","","","","","","","","","",""
"NUT","AI1",88,"",404,550,598,6556,1977,405,56603,"NUT.AI1","","","","","",560.56,577.79,1215,173.57,454.47,445.17,34066,1135.53
"NUT","CI1",88,"",494,363,494,6758,2000,441,50375,"NUT.CI1",491,494,495,490,1194,490.13,498.76,4910,701.43,524.35,527.29,27704,923.47
"NUT","CI2","","",449,67,449,295,"","",0,"NUT.CI2","","","","","","","","","",449,449,33,1.1
"NUT","IC1",88,"",490,704,490,13918,30,450,46495,"NUT.IC1",425,490,490,425,732,452.13,467.47,3465,495,451.72,454.42,21813,727.1
"NUT","NC1",88,"",500,185,500,1286,500,420,14051,"NUT.NC1",579,500,589,500,1767,566.04,568.96,4905,700.71,543.71,555.15,16027,534.23
"NUT","NC2","","",300,"","",0,500,421,1139,"NUT.NC2","","","","","","","","","","","","",""
"NV1","AI1",135000,"",160000,10,160000,88,96,136000,196,"NV1.AI1","","","","","","","","","",144000,140800,5,0.17
"NV1","CI1",135000,"",150242.06,10,159000,108,10,136000,110,"NV1.CI1","","","","","","","","","",147500,150000,8,0.27
"NV1","CI2","","",93565.95,"","",0,"","",0,"NV1.CI2","","","","","","","","","","","","",""
"NV1","IC1",135000,"",135000,2,174000,5,100,135000,100,"NV1.IC1","","","","","",135000,135000,7,1,211250,175000,11,0.37
"NV1","NC1",135000,"",135350,10,160000,34,100,135000,100,"NV1.NC1",136000,135000,136000,135000,35,152750,136166.67,36,5.14,154214.29,142687.5,48,1.6
"NV1","NC2","","",93565.95,"","",0,"","",0,"NV1.NC2","","","","","","","","","","","","",""
"NV2","AI1",200000,"",266000,2,265000,9,100,200000,100,"NV2.AI1","","","","","",232750,204558.14,43,6.14,213100,201921.57,102,3.4
"NV2","CI1",200000,"",200000,5,277000,75,100,200000,100,"NV2.CI1","","","","","",200000,200000,3,0.43,227333.33,221375,32,1.07
"NV2","CI2","","",130116.94,"","",0,"","",0,"NV2.CI2","","","","","","","","","","","","",""
"NV2","IC1",200000,"",200000,10,274000,21,2,201000,102,"NV2.IC1","","","","","","","","","","","","",""
"NV2","NC1",200000,"",288000,19,288000,131,100,200000,100,"NV2.NC1","","","","","",232666.67,206210.53,19,2.71,219600,201475,80,2.67
"NV2","NC2","","",130116.94,"","",0,"","",0,"NV2.NC2","","","","","","","","","","","","",""
"O","AI1",32,"",119,211,119,282059,1714,111,30237,"O.AI1",118,119,119,106,7692,114.32,116.38,56962,8137.43,110.82,111.43,373630,12454.33
"O","CI1",32,"",119,1277,119,192348,2487,109,42656,"O.CI1",119,119,119,109,6066,116.08,115.54,43906,6272.29,111.59,111.24,178567,5952.23
"O","CI2","","",140,227,140,10928,1000,101,8000,"O.CI2","","","","","",139.88,139.9,1229,175.57,134.74,133.88,7780,259.33
"O","IC1",32,"",117,1046,117,291663,662,112,73385,"O.IC1",117,116,117,111,3019,114.92,116.16,44873,6410.43,112.45,112.99,258473,8615.77
"O","NC1",32,"",137,1310,137,220673,600,132,199785,"O.NC1",137,137,138,131,20302,135.75,136.03,96872,13838.86,124.82,124.66,588265,19608.83
"O","NC2","","",135,4454,135,19754,200,104,200,"O.NC2","","","","","",135,135,546,78,128.65,130.61,16383,546.1
"OFF","AI1","","",114.65,1450,133,78322,10000,115,40619,"OFF.AI1",115,114,115,114,4250,127.96,127.62,17055,2436.43,131,131.83,79217,2640.57
"OFF","CI1","","",100,426,119,52240,7220,100,11717,"OFF.CI1",118,119,119,118,2100,116.4,118.31,6710,958.57,128.94,125.73,65506,2183.53
"OFF","CI2","","",140,1650,140,9970,1000,125,1000,"OFF.CI2","","","","","","","","","",140,140,350,11.67
"OFF","IC1","","",115,488,158,9584,6304,115,46759,"OFF.IC1",158,115,158,115,1830,147.25,141.61,7297,1042.43,143.95,142.24,57330,1911
"OFF","NC1","","",130,20,120,66603,5072,105,18172,"OFF.NC1","","","","","",132.1,131.16,5128,732.57,132.95,128.38,74759,2491.97
"OFF","NC2","","",130,3400,130,5907,500,121,500,"OFF.NC2","","","","","",128,127.2,2000,285.71,125.88,126.14,4400,146.67
"OLF","AI1","","",3000,"","",0,500,1200,2496,"OLF.AI1","","","","","","","","","",3000,3000,78,2.6
"OLF","CI1","","",2000,53,3000,53,449,1200,449,"OLF.CI1","","","","","","","","","",1950,1993.75,80,2.67
"OLF","CI2","","",949.58,"","",0,"","",0,"OLF.CI2","","","","","","","","","","","","",""
"OLF","IC1","","",3000,20,2950,35,10,2000,722,"OLF.IC1","","","","","","","","","",2250,2187.5,80,2.67
"OLF","NC1","","",1100,2,3500,2,122,1100,616,"OLF.NC1","","","","","","","","","","","","",""
"OLF","NC2","","",949.58,60,2000,60,"","",0,"OLF.NC2","","","","","","","","","","","","",""
"OS","AI1","","",51411.29,10,60000,140,29,51000,116,"OS.AI1","","","","","",51500,51322.58,31,4.43,58300,57043.96,91,3.03
"OS","CI1","","",60000,11,60000,57,10,50000,10,"OS.CI1","","","","","",65833.33,60681.82,22,3.14,65166.67,62307.69,39,1.3
"OS","CI2","","",45000,"","",0,"","",0,"OS.CI2","","","","","","","","","","","","",""
"OS","IC1","","",68000,1,68000,1,2,57000,29,"OS.IC1","","","","","",68000,68000,5,0.71,63537.5,62792.31,26,0.87
"OS","NC1","","",64000,19,64000,19,2,56500,336,"OS.NC1","","","","","",62083.33,60344.26,61,8.71,59316.67,59287.23,141,4.7
"OS","NC2","","",30272.32,"","",0,"","",0,"OS.NC2","","","","","","","","","","","","",""
"OVE","AI1",70.1,268,206,1990,206,32716,6,180,78696,"OVE.AI1",199,207,207,179,4660,199.14,196.1,41464,5923.43,191.91,191.62,207181,6906.03
"OVE","CI1",70.1,268,195,56,195,126849,19522,185,104627,"OVE.CI1",181,194,194,178,19316,186.39,183.68,75348,10764,185.79,184.08,264462,8815.4
"OVE","CI2","","",200,776,200,10331,100,172,2865,"OVE.CI2","","","","","",200,200,187,26.71,219.84,249.21,3697,123.23
"OVE","IC1",68.8,263,204,144,204,29380,1000,190,13120,"OVE.IC1",200,204,210,188,17534,193.39,194.99,53074,7582,186.13,187.42,237246,7908.2
"OVE","NC1",70.4,269,220,360,219,48379,200,200,57330,"OVE.NC1",208,220,220,178,12283,206.5,203.74,54897,7842.43,194.74,196.7,180267,6008.9
"OVE","NC2","","",200,2390,200,11114,500,165,7851,"OVE.NC2",202,200,202,200,40,177.67,175.92,1408,201.14,170.71,157.74,9555,318.5
"PBU","AI1","","",22700,30,22500,534,3,17000,205,"PBU.AI1","","","","","",21530,21713.91,115,16.43,21067.86,21182.49,497,16.57
"PBU","CI1","","",23406.36,"","",0,40,20000,102,"PBU.CI1","","","","","","","","","",23872.73,23654.45,191,6.37
"PBU","CI2","","",8070.62,"","",0,"","",0,"PBU.CI2","","","","","","","","","","","","",""
"PBU","IC1","","",20000,10,23000,394,9,20000,94,"PBU.IC1","","","","","",22325,20996.55,29,4.14,21162.5,21453.49,301,10.03
"PBU","NC1","","",22500,73,22500,306,4,15000,34,"PBU.NC1",24300,24300,24300,24300,5,21760,23053.95,76,10.86,23368.27,23647.99,498,16.6
"PBU","NC2","","",8070.62,"","",0,"","",0,"PBU.NC2","","","","","","","","","","","","",""
"PCB","AI1","","",2590,88,2590,18388,875,2510,8575,"PCB.AI1",2590,2610,2610,2590,1016,2575.42,2545.86,9389,1341.29,2577.41,2552.49,38338,1277.93
"PCB","CI1","","",2510,160,2500,10595,2000,2320,3089,"PCB.CI1",2540,2510,2550,2510,610,2480.83,2460.96,1980,282.86,2497.69,2462.49,14866,495.53
"PCB","CI2","","",2300,"","",0,"","",0,"PCB.CI2","","","","","","","","","","","","",""
"PCB","IC1","","",3000,200,3780,2306,75,2560,627,"PCB.IC1",3000,3000,3000,3000,200,3307.5,3655.25,1096,156.57,3218.37,3187.44,4117,137.23
"PCB","NC1","","",2730,2237,2730,7838,1029,2500,3988,"PCB.NC1",2720,2730,2730,2720,250,2652.5,2595.69,1859,265.57,2710.87,2667.92,7586,252.87
"PCB","NC2","","",802.42,"","",0,"","",0,"PCB.NC2","","","","","","","","","","","","",""
"PDA","AI1","","",3700,355,3700,1261,2,3690,695,"PDA.AI1","","","","","",3696.5,3695.13,236,33.71,3667.77,3679.13,2117,70.57
"PDA","CI1","","",3400,305,3390,866,15,2100,525,"PDA.CI1","","","","","",3378.75,3385.8,150,21.43,3174.4,3043.76,822,27.4
"PDA","CI2","","",5000,28,5000,99,50,2200,50,"PDA.CI2","","","","","","","","","",5000,5000,10,0.33
"PDA","IC1","","",5000,21,5000,302,20,3210,344,"PDA.IC1",5000,5000,5000,5000,30,5074.64,4584.41,161,23,4387.42,4066.18,1109,36.97
"PDA","NC1","","",4200,66,4200,900,200,3200,1671,"PDA.NC1","","","","","",4020.5,3816.67,336,48,4007.32,3806.72,1364,45.47
"PDA","NC2","","",2550,354,4500,354,10,2850,10,"PDA.NC2","","","","","","","","","","","","",""
"PE","AI1","","",12.3,100000,12.7,3613726,10687,12.3,1553491,"PE.AI1",13.6,12.3,13.6,12.3,114387,13.34,13.65,966371,138053,12.87,12.85,6410708,213690.27
"PE","CI1","","",11.9,1965,11.9,3907822,21923,11,1621662,"PE.CI1",11.3,11.9,12,11.3,404284,11.91,11.75,1836232,262318.86,11.89,11.81,9974704,332490.13
"PE","CI2","","",12.3,10000,12.3,180000,50000,11,50000,"PE.CI2","","","","","",12.3,12.3,15000,2142.86,12.22,12.23,50000,1666.67
"PE","IC1","","",12.5,33985,12.5,2841052,10000,11.8,1100567,"PE.IC1",12.4,12.7,12.8,11.7,183557,12.34,12.34,793335,113333.57,12.09,11.88,5771041,192368.03
"PE","NC1","","",12.62,96078,12.8,6580591,68375,12.3,2518186,"PE.NC1",12.9,12.4,12.9,12.3,161759,12.59,12.44,1239134,177019.14,12.98,13.06,8410564,280352.13
"PE","NC2","","",13,30000,13,43728,10000,11.3,20000,"PE.NC2","","","","","",13,13,70000,10000,13.43,13.29,318531,10617.7
"PFE","AI1","","",1000,1523,1000,6343,400,860,1014,"PFE.AI1","","","","","",1000,1000,60,8.57,999.31,998.91,2495,83.17
"PFE","CI1","","",980,3630,980,5833,1980,800,1980,"PFE.CI1","","","","","","","","","",910,896.88,3330,111
"PFE","CI2","","",825,"","",0,"","",0,"PFE.CI2","","","","","","","","","","","","",""
"PFE","IC1","","",979,25,959,2585,60,900,650,"PFE.IC1","","","","","",979,979,10,1.43,956.58,944.25,870,29
"PFE","NC1","","",1000,836,1000,2736,1040,900,3139,"PFE.NC1","","","","","","","","","",953.43,979.96,2280,76
"PFE","NC2","","",800,"","",0,119,500,119,"PFE.NC2","","","","","","","","","","","","",""
"PFG","AI1","","",4500000,2,4500000,2,"","",0,"PFG.AI1","","","","","","","","","","","","",""
"PFG","CI1","","",2000907.88,"","",0,"","",0,"PFG.CI1","","","","","","","","","","","","",""
"PFG","CI2","","",2000907.88,"","",0,"","",0,"PFG.CI2","","","","","","","","","","","","",""
"PFG","IC1","","",2000907.88,"","",0,"","",0,"PFG.IC1","","","","","","","","","","","","",""
"PFG","NC1","","",3690000,"","",0,"","",0,"PFG.NC1","","","","","","","","","","","","",""
"PFG","NC2","","",2000907.88,"","",0,"","",0,"PFG.NC2","","","","","","","","","","","","",""
"PG","AI1","","",61.6,755,61.6,1001190,605,58,660877,"PG.AI1",61.8,61.8,62,58,250619,60.86,60.76,754970,107852.86,58.14,58.4,2882722,96090.73
"PG","CI1","","",54,14721,54,1098109,500,52.7,275129,"PG.CI1",53.5,55.1,55.2,52.2,86149,54.81,54.65,459696,65670.86,57.33,56.98,2421431,80714.37
"PG","CI2","","",60,2568,60,12568,30000,56,30000,"PG.CI2","","","","","",60,60,152,21.71,59.86,58.74,47432,1581.07
"PG","IC1","","",56.6,23259,56.6,503177,10000,53.4,71098,"PG.IC1",57.6,57.3,57.9,53.2,81204,57.37,57.44,424440,60634.29,58.01,57.87,2268493,75616.43
"PG","NC1","","",58.4,1759,58.4,826814,5000,54.5,716285,"PG.NC1",58.6,58.4,58.7,54.3,87229,58.2,57.8,591516,84502.29,58.67,58.51,2636912,87897.07
"PG","NC2","","",45,33203,45,103547,"","",0,"PG.NC2",45,45,45,45,498,48,50.75,5197,742.43,55.81,57.34,36912,1230.4
"PIB","AI1","","",1250,144,2000,452,80,500,80,"PIB.AI1","","","","","","","","","",958.67,859.77,96,3.2
"PIB","CI1","","",1500,182,1500,382,4,400,1355,"PIB.CI1","","","","","",1500,1500,39,5.57,1666.67,1550.42,119,3.97
"PIB","CI2","","",1500,100,2000,100,"","",0,"PIB.CI2","","","","","","","","","","","","",""
"PIB","IC1","","",1583.33,1,2800,11,4,500,4,"PIB.IC1","","","","","",1500,1113.21,53,7.57,1616.67,1481.2,125,4.17
"PIB","NC1","","",2500,48,2490,183,100,151,176,"PIB.NC1","","","","","",2500,2500,10,1.43,2454.17,2471.81,166,5.53
"PIB","NC2","","",549.19,"","",0,"","",0,"PIB.NC2","","","","","","","","","","","","",""
"PK","AI1","","",2200,32,2200,266,"","",0,"PK.AI1","","","","","","","","","",2200,2200,67,2.23
"PK","CI1","","",999,143,999,1453,"","",0,"PK.CI1","","","","","","","","","","","","",""
"PK","CI2","","",832.61,"","",0,"","",0,"PK.CI2","","","","","","","","","","","","",""
"PK","IC1","","",1000,44,1000,44,"","",0,"PK.IC1","","","","","","","","","","","","",""
"PK","NC1","","",1000,2,1200,2,999,450,999,"PK.NC1","","","","","","","","","","","","",""
"PK","NC2","","",832.61,"","",0,"","",0,"PK.NC2","","","","","","","","","","","","",""
"POW","AI1",6000,"",8880,6,8880,4756,425,7200,1497,"POW.AI1",7210,7200,7210,7200,100,8295,7574.75,499,71.29,8837.16,8404.94,3740,124.67
"POW","CI1",6000,"",8030,10,9450,1774,25,8010,2050,"POW.CI1","","","","","",8556.67,8220.13,76,10.86,8854.62,8506.48,489,16.3
"POW","CI2","","",9500,40,9500,80,"","",0,"POW.CI2","","","","","","","","","","","","",""
"POW","IC1",6000,"",6603.8,311,9450,737,265,6600,465,"POW.IC1",9420,6600,9450,6600,161,8426.5,7908.19,730,104.29,9345.65,8931.41,2220,74
"POW","NC1",6000,"",8987,98,9000,2084,25,6010,125,"POW.NC1",8980,9000,9000,8980,14,9149,9035.61,82,11.71,9506.4,9507.27,1287,42.9
"POW","NC2","","",13000,"","",0,"","",0,"POW.NC2","","","","","","","","","","","","",""
"PPA","AI1","","",300,47,424,3867,9280,300,11192,"PPA.AI1","","","","","",393.75,388.56,343,49,390.41,403.14,1348,44.93
"PPA","CI1","","",360,501,360,7836,29,322,3358,"PPA.CI1","","","","","",357.88,358.98,535,76.43,350.68,356.13,2519,83.97
"PPA","CI2","","",300,"","",0,"","",0,"PPA.CI2","","","","","","","","","","","","",""
"PPA","IC1","","",400,20,400,1505,3813,301,5956,"PPA.IC1",301,301,400,301,409,325.69,328.08,887,126.71,343.39,331.99,3318,110.6
"PPA","NC1","","",369,1188,369,5698,100,290,7669,"PPA.NC1",369,369,369,369,32,350.8,323.35,810,115.71,326.57,323.39,9370,312.33
"PPA","NC2","","",220,303,350,303,990,220,990,"PPA.NC2","","","","","","","","","","","","",""
"PSH","AI1","","",10000,8,11900,9,100,10000,1984,"PSH.AI1","","","","","","","","","",9997.5,9996.52,552,18.4
"PSH","CI1","","",10500,18,12000,900,21,10500,21,"PSH.CI1","","","","","",10500,10500,3,0.43,10700,10613.04,92,3.07
"PSH","CI2","","",4013.58,"","",0,"","",0,"PSH.CI2","","","","","","","","","","","","",""
"PSH","IC1","","",9833.41,6,11000,1974,100,10000,109,"PSH.IC1","","","","","","","","","",9800,9969.7,33,1.1
"PSH","NC1","","",10550.86,10,11800,1371,100,10000,929,"PSH.NC1","","","","","","","","","",10510,10468.69,396,13.2
"PSH","NC2","","",4013.58,32,13000,32,"","",0,"PSH.NC2","","","","","","","","","","","","",""
"PSL","AI1","","",5540,3,5540,4167,50,4910,2528,"PSL.AI1",5560,5550,5560,5550,60,5464.64,5366.76,1582,226,5494.4,5408.76,4364,145.47
"PSL","CI1","","",5000,41,5200,1525,183,5000,1583,"PSL.CI1",5000,5000,5210,5000,96,5237.86,5285.36,601,85.86,5386.25,5493.52,2675,89.17
"PSL","CI2","","",5000,22,5000,22,"","",0,"PSL.CI2","","","","","","","","","",4966.67,4919.66,117,3.9
"PSL","IC1","","",5690,32,5690,1060,36,5290,206,"PSL.IC1",5680,5690,5690,5290,154,5616.67,5648.03,366,52.29,5769.74,5777.48,2483,82.77
"PSL","NC1","","",5170,17,5870,2289,12,5170,2198,"PSL.NC1",5880,5170,5880,5170,95,5787.5,5818.74,414,59.14,5711.55,5757.62,2130,71
"PSL","NC2","","",4000,12,4000,108,24,3900,24,"PSL.NC2",4000,4000,4000,4000,5,4068.75,4014.29,84,12,5896.43,5310,120,4
"PSM","AI1","","",4296.51,63,4310,2512,100,3310,3438,"PSM.AI1",4280,4320,4320,4260,550,4031,4176.25,1044,149.14,4330.26,4274.29,3616,120.53
"PSM","CI1","","",2970,154,3490,3626,84,2970,1228,"PSM.CI1",3570,2970,3580,2970,157,3211.07,3279.06,3525,503.57,3382.32,3405.68,15913,530.43
"PSM","CI2","","",2500,"","",0,"","",0,"PSM.CI2","","","","","","","","","","","","",""
"PSM","IC1","","",6000,145,6000,145,100,3510,3620,"PSM.IC1",6000,6000,6000,6000,26,5998.33,5999.41,101,14.43,5213.33,5720.73,523,17.43
"PSM","NC1","","",6333.57,89,6340,1778,41,4100,4396,"PSM.NC1",4110,6340,6340,4100,320,5913.5,5545.77,991,141.57,5163.48,4852.4,6309,210.3
"PSM","NC2","","",3000,"","",0,"","",0,"PSM.NC2","","","","","","","","","","","","",""
"PSS","AI1","","",1919.04,83,1930,12235,447,1800,6433,"PSS.AI1",1890,1930,1930,1890,251,1890.42,1878.05,1634,233.43,1872.96,1883.63,9864,328.8
"PSS","CI1","","",1810,132,1990,4123,115,1810,1948,"PSS.CI1",1800,1990,1990,1800,304,1636.07,1614.15,3023,431.86,1610.54,1624.92,11472,382.4
"PSS","CI2","","",450,"","",0,"","",0,"PSS.CI2","","","","","","","","","","","","",""
"PSS","IC1","","",2430,37,2400,724,200,1700,2814,"PSS.IC1","","","","","",2431,2431.79,190,27.14,2378.61,2216.08,1819,60.63
"PSS","NC1","","",1950,65,1950,12993,200,1560,4300,"PSS.NC1",1950,1950,1950,1950,72,1965,1963.95,238,34,2008.38,1992.23,5900,196.67
"PSS","NC2","","",1600,100,3000,100,"","",0,"PSS.NC2","","","","","","","","","","","","",""
"PT","AI1","","",758,69,758,14901,241,636,15289,"PT.AI1",710,715,715,636,1652,698.57,695.45,14104,2014.86,669.78,651.49,58112,1937.07
"PT","CI1","","",730,465,730,7679,630,622,10559,"PT.CI1",724,724,730,622,1899,689.21,691.14,9796,1399.43,651.61,650.02,43636,1454.53
"PT","CI2","","",690,310,690,470,"","",0,"PT.CI2","","","","","",690,690,38,5.43,690,690,440,14.67
"PT","IC1","","",629,782,629,16655,100,580,2876,"PT.IC1",632,630,632,566,1448,625.96,626.33,7439,1062.71,614.32,616.62,40347,1344.9
"PT","NC1","","",707,200,700,34308,1000,583,17785,"PT.NC1",703,706,707,581,1933,657.36,655.97,15167,2166.71,631.26,631.06,53416,1780.53
"PT","NC2","","",670,489,670,760,100,514,100,"PT.NC2",670,670,670,670,68,635,635.35,404,57.71,632.82,636.69,1581,52.7
"PWO","AI1","","",459,440,459,11140,1893,400,13563,"PWO.AI1",450,460,460,400,4543,436.92,436.41,12467,1781,436.34,438.24,57944,1931.47
"PWO","CI1","","",426,461,426,39604,983,331,9423,"PWO.CI1",419,425,425,332,1725,410.83,406.91,6997,999.57,418.35,422.06,43913,1463.77
"PWO","CI2","","",430,484,430,484,3000,280,3000,"PWO.CI2",300,430,430,300,49,428.75,426.58,225,32.14,446.3,445.45,1158,38.6
"PWO","IC1","","",385,28,385,35705,50,375,3241,"PWO.IC1",412,385,412,385,2784,401.21,405.78,14232,2033.14,409.08,408.49,102122,3404.07
"PWO","NC1","","",466,300,450,4323,247,334,14973,"PWO.NC1",420,435,436,334,2999,423.04,421.25,12622,1803.14,436.51,437.9,62697,2089.9
"PWO","NC2","","",450,150,450,821,100,384,100,"PWO.NC2",450,450,450,450,10,429.08,428.42,488,69.71,442.18,448.45,1725,57.5
"QCR","AI1","","",925000,2,1000000,8,1,800000,1,"QCR.AI1","","","","","",925000,925000,2,0.29,950000,950000,6,0.2
"QCR","CI1","","",820000,1,1060000,11,1,820000,1,"QCR.CI1","","","","","",820000,820000,1,0.14,993125,1003000,10,0.33
"QCR","CI2","","",850000,"","",0,"","",0,"QCR.CI2","","","","","","","","","","","","",""
"QCR","IC1","","",925000,2,925000,8,2,575000,2,"QCR.IC1","","","","","",925000,925000,1,0.14,1083333.33,1210000,5,0.17
"QCR","NC1","","",1000000,4,1000000,10,5,800000,6,"QCR.NC1",1000000,1000000,1000000,1000000,1,966666.67,962500,4,0.57,1094285.71,1122857.14,14,0.47
"QCR","NC2","","",365080.84,"","",0,"","",0,"QCR.NC2","","","","","","","","","","","","",""
"RAD","AI1","","",11000,27,11800,635,100,10000,100,"RAD.AI1","","","","","",11000,11000,67,9.57,11357.14,11097.42,349,11.63
"RAD","CI1","","",10900,13,13900,208,1,2500,1,"RAD.CI1","","","","","","","","","",10700,10041.98,131,4.37
"RAD","CI2","","",3700.19,"","",0,"","",0,"RAD.CI2","","","","","","","","","","","","",""
"RAD","IC1","","",11200,41,12000,78,10,11000,45,"RAD.IC1","","","","","",12900,12900,14,2,11505.67,8241.52,119,3.97
"RAD","NC1","","",11935,145,12000,653,50,9400,650,"RAD.NC1",11900,12000,12000,11900,10,11220,11117.91,67,9.57,11197.37,10461.15,646,21.53
"RAD","NC2","","",3700.19,10,14500,10,"","",0,"RAD.NC2","","","","","","","","","","","","",""
"RAG","AI1","","",699000,1,700000,3,2,450000,2,"RAG.AI1","","","","","","","","","",699000,699000,1,0.03
"RAG","CI1","","",550000,1,664000,15,2,550000,2,"RAG.CI1","","","","","","","","","",550000,550000,2,0.07
"RAG","CI2","","",259841.81,"","",0,"","",0,"RAG.CI2","","","","","","","","","","","","",""
"RAG","IC1","","",650000,"","",0,4,550000,6,"RAG.IC1","","","","","","","","","","","","",""
"RAG","NC1","","",579000,36,621000,36,4,520000,4,"RAG.NC1","","","","","",599000,584714.29,14,2,600600,588375,24,0.8
"RAG","NC2","","",259841.81,"","",0,"","",0,"RAG.NC2","","","","","","","","","","","","",""
"RAM","AI1","","",2950,264,2940,2558,999,2700,1359,"RAM.AI1","","","","","","","","","",2837.5,2810.33,421,14.03
"RAM","CI1","","",2700,41,2700,894,477,2250,528,"RAM.CI1",2700,2700,2700,2700,100,2700,2700,200,28.57,2655,2622.92,1100,36.67
"RAM","CI2","","",1238,"","",0,"","",0,"RAM.CI2","","","","","","","","","","","","",""
"RAM","IC1","","",2800,45,2800,645,150,2500,846,"RAM.IC1","","","","","","","","","",2612.5,2599.54,218,7.27
"RAM","NC1","","",3250,75,3250,1806,650,2700,1630,"RAM.NC1",3250,3250,3250,3250,123,3246.67,3235.87,351,50.14,3112.08,3138.21,1460,48.67
"RAM","NC2","","",1600,10,3000,10,"","",0,"RAM.NC2","","","","","","","","","","","","",""
"RAT","AI1",56.1,308,244,23343,244,1113841,951,228,693404,"RAT.AI1",233,244,245,229,59531,233.21,233.01,341622,48803.14,228.62,228.97,1672495,55749.83
"RAT","CI1",56.1,308,234,11,233,269061,1000,228,279034,"RAT.CI1",249,233,250,227,30476,237.54,242.27,197678,28239.71,235.08,236.52,1058109,35270.3
"RAT","CI2","","",247,298,247,36696,4382,235,14164,"RAT.CI2","","","","","",246.17,243.82,989,141.29,245.04,244.11,33239,1107.97
"RAT","IC1",55,303,221.41,976,225,791128,250,218,628855,"RAT.IC1",225,220,227,212,112537,222.36,220.49,558337,79762.43,223.61,222.67,2676550,89218.33
"RAT","NC1",56.3,310,229,8483,229,1444627,50,220,333776,"RAT.NC1",238,238,239,220,53925,234.32,237.87,309688,44241.14,237.22,240.04,1642443,54748.1
"RAT","NC2","","",220,19061,220,32754,2140,210,9824,"RAT.NC2",217,220,220,210,6045,217.79,214.37,31318,4474,212.92,211.49,82923,2764.1
"RBH","AI1","","",20800,25,20700,2769,1,17700,1732,"RBH.AI1",20800,20800,20800,20800,10,20758.33,20607.79,565,80.71,20269.64,20505.57,3736,124.53
"RBH","CI1","","",19636.36,11,20000,2005,1,18500,213,"RBH.CI1",18500,18500,18500,18500,1,18575,18895.8,143,20.43,17955.77,18108.62,1381,46.03
"RBH","CI2","","",22000,20,22000,20,"","",0,"RBH.CI2","","","","","","","","","","","","",""
"RBH","IC1","","",18400,52,18400,1236,60,16000,300,"RBH.IC1",18400,18500,18500,18200,130,18287.5,18315.82,455,65,17975,17933.63,2248,74.93
"RBH","NC1","","",18000,154,18000,3133,200,16000,1346,"RBH.NC1",18200,18200,18200,18200,22,17820,17594.51,728,104,17102.68,16978.59,5082,169.4
"RBH","NC2","","",20000,100,17700,105,10,15600,20,"RBH.NC2","","","","","","","","","",20000,20000,3,0.1
"RCO","AI1",400,"",1850,38,1850,6890,250,1530,6984,"RCO.AI1",1850,1850,1850,1850,10,1829,1847.07,799,114.14,1645,1588.43,7795,259.83
"RCO","CI1",400,"",1350,1917,1600,17369,57,1350,2426,"RCO.CI1",1600,1600,1740,1330,593,1625.36,1699.93,4385,626.43,1633.58,1570.78,17656,588.53
"RCO","CI2","","",1400,7,1400,791,"","",0,"RCO.CI2","","","","","","","","","",1400,1400,100,3.33
"RCO","IC1",400,"",1875.74,81,1900,5097,495,1500,3874,"RCO.IC1",1700,1850,1900,1500,1116,1917.86,2018.26,4919,702.71,1642.17,1621.82,20870,695.67
"RCO","NC1",400,"",1870,2589,1870,7462,244,1590,4806,"RCO.NC1",1850,1870,1870,1590,126,1802.5,1834.45,2727,389.57,1801.76,1776.57,13178,439.27
"RCO","NC2","","",1400,150,1400,491,125,1260,740,"RCO.NC2","","","","","","","","","",1400,1400,140,4.67
"RCS","AI1","","",221000,2,221000,44,1,190000,7,"RCS.AI1","","","","","","","","","",210500,214000,3,0.1
"RCS","CI1","","",210000,1,240000,24,4,210000,6,"RCS.CI1","","","","","","","","","",210000,210000,1,0.03
"RCS","CI2","","",93742,"","",0,"","",0,"RCS.CI2","","","","","","","","","","","","",""
"RCS","IC1","","",275000,"","",0,1,165000,1,"RCS.IC1","","","","","","","","","","","","",""
"RCS","NC1","","",219000,10,219000,69,"","",0,"RCS.NC1","","","","","","","","","",219000,219000,2,0.07
"RCS","NC2","","",93742,"","",0,"","",0,"RCS.NC2","","","","","","","","","","","","",""
"RCT","AI1","","",922585.31,1,925000,2,"","",0,"RCT.AI1","","","","","","","","","",921875,921400,5,0.17
"RCT","CI1","","",958000,1,959000,1,1,500000,3,"RCT.CI1","","","","","",958000,958000,1,0.14,944500,944500,4,0.13
"RCT","CI2","","",1000000,"","",0,"","",0,"RCT.CI2","","","","","","","","","","","","",""
"RCT","IC1","","",920000,5,920000,7,1,450000,2,"RCT.IC1",920000,920000,920000,920000,1,920000,920000,1,0.14,920000,920000,3,0.1
"RCT","NC1","","",969000,3,950000,4,"","",0,"RCT.NC1","","","","","","","","","",921333.33,927000,4,0.13
"RCT","NC2","","",357974.88,"","",0,"","",0,"RCT.NC2","","","","","","","","","","","","",""
"RDE","AI1","","",42900,373,42900,1892,30,35100,442,"RDE.AI1",42900,42900,42900,42900,6,44362.5,45063.04,487,69.57,48083.93,47722.45,2682,89.4
"RDE","CI1","","",41733.33,7,41800,1146,70,39200,166,"RDE.CI1",41700,41800,41800,41700,6,41091.67,40262.06,311,44.43,42466.35,42153.02,1273,42.43
"RDE","CI2","","",38000,10,54000,22,"","",0,"RDE.CI2","","","","","","","","","","","","",""
"RDE","IC1","","",44300,16,43900,364,30,35500,776,"RDE.IC1",44500,44300,44600,44300,90,44391.67,44398.19,441,63,43925,44069.55,1790,59.67
"RDE","NC1","","",42735,220,42700,1146,2,34700,792,"RDE.NC1",42800,42800,42800,42800,14,42041.67,40374.16,356,50.86,42006.03,41332.33,2400,80
"RDE","NC2","","",33200,10,40900,91,10,33200,10,"RDE.NC2","","","","","","","","","",41100,39125,16,0.53
"RDL","AI1","","",1360000,1,1360000,24,1,200000,1,"RDL.AI1","","","","","","","","","","","","",""
"RDL","CI1","","",1000000,3,1020000,9,"","",0,"RDL.CI1",1000000,1000000,1000000,1000000,1,1000000,1000000,1,0.14,1000000,1000000,1,0.03
"RDL","CI2","","",378869.09,"","",0,"","",0,"RDL.CI2","","","","","","","","","","","","",""
"RDL","IC1","","",1400000,2,1490000,3,"","",0,"RDL.IC1","","","","","","","","","","","","",""
"RDL","NC1","","",1380000,1,1380000,3,1,800000,1,"RDL.NC1","","","","","","","","","","","","",""
"RDL","NC2","","",378869.09,"","",0,"","",0,"RDL.NC2","","","","","","","","","","","","",""
"RDS","AI1","","",800000,1,800000,1,"","",0,"RDS.AI1","","","","","","","","","","","","",""
"RDS","CI1","","",800000,"","",0,"","",0,"RDS.CI1","","","","","","","","","","","","",""
"RDS","CI2","","",208036.56,"","",0,"","",0,"RDS.CI2","","","","","","","","","","","","",""
"RDS","IC1","","",800000,1,800000,1,"","",0,"RDS.IC1","","","","","","","","","","","","",""
"RDS","NC1","","",800000,1,800000,1,"","",0,"RDS.NC1","","","","","","","","","","","","",""
"RDS","NC2","","",208036.56,"","",0,"","",0,"RDS.NC2","","","","","","","","","","","","",""
"RE","AI1","","",2000,7812,2300,33375,482,1900,482,"RE.AI1","","","","","",2300,2300,482,68.86,1932.5,1911.12,2523,84.1
"RE","CI1","","",2300,20,2300,19564,"","",0,"RE.CI1","","","","","","","","","",2333.33,2350,400,13.33
"RE","CI2","","",3000,279,3500,279,"","",0,"RE.CI2","","","","","","","","","","","","",""
"RE","IC1","","",2800,99,2800,12851,5,280,100005,"RE.IC1","","","","","","","","","",2373.75,1231.41,191,6.37
"RE","NC1","","",2400,100,2460,66696,"","",0,"RE.NC1","","","","","","","","","",2890,2737.66,822,27.4
"RE","NC2","","",5000,12,4500,7408,"","",0,"RE.NC2","","","","","","","","","","","","",""
"REA","AI1","","",1170,1510,1300,9887,317,1160,2659,"REA.AI1",1160,1300,1300,1160,641,1158,1179.55,1765,252.14,1152,1144.78,4203,140.1
"REA","CI1","","",998,2972,998,9309,500,900,2495,"REA.CI1",998,998,998,998,200,996.6,997.13,2105,300.71,973.91,967.79,7513,250.43
"REA","CI2","","",500,17,3000,17,"","",0,"REA.CI2","","","","","","","","","","","","",""
"REA","IC1","","",1420,216,1400,4196,100,970,3605,"REA.IC1","","","","","",1505,1407.64,351,50.14,1784.17,1805.71,5497,183.23
"REA","NC1","","",1370,185,1370,7683,1200,960,5345,"REA.NC1",1400,1370,1400,1370,185,1382.92,1382.04,1523,217.57,1263.74,1201.86,12012,400.4
"REA","NC2","","",900,200,880,1930,"","",0,"REA.NC2","","","","","","","","","","","","",""
"RED","AI1",60000,"",60000,10,70000,10,100,60000,100,"RED.AI1","","","","","","","","","",60003.85,60000.73,550,18.33
"RED","CI1",60000,"",60000,3,69900,3,100,60000,100,"RED.CI1","","","","","","","","","",60000,60000,235,7.83
"RED","CI2","","",22664.06,"","",0,"","",0,"RED.CI2","","","","","","","","","","","","",""
"RED","IC1",60000,"",60000,20,66000,20,100,60000,100,"RED.IC1","","","","","","","","","",60000,60000,200,6.67
"RED","NC1",60000,"",60764.37,20,64000,42,100,60000,100,"RED.NC1","","","","","","","","","",61600,60020.82,461,15.37
"RED","NC2","","",22664.06,"","",0,"","",0,"RED.NC2","","","","","","","","","","","","",""
"REO","AI1","","",1980,135,1980,2638,200,700,1320,"REO.AI1","","","","","","","","","","","","",""
"REO","CI1","","",2000,106,2100,1234,31,2000,31,"REO.CI1","","","","","","","","","",2000,2000,3,0.1
"REO","CI2","","",164.57,270,2000,270,24,1000,24,"REO.CI2","","","","","","","","","","","","",""
"REO","IC1","","",0.01,"","",0,1,4000,800001,"REO.IC1","","","","","","","","","","","","",""
"REO","NC1","","",400,"","",0,120,400,360,"REO.NC1","","","","","","","","","","","","",""
"REO","NC2","","",2000,"","",0,39,2000,39,"REO.NC2","","","","","","","","","",2000,2000,7,0.23
"REP","AI1","","",949,2,949,16738,5,860,11373,"REP.AI1",945,949,950,858,856,941.71,937.37,3156,450.86,938.71,936.06,18572,619.07
"REP","CI1","","",908,164,908,5653,316,851,3270,"REP.CI1",909,908,909,850,856,902.46,888.01,3675,525,929.67,927.52,15445,514.83
"REP","CI2","","",1000,257,1000,1037,"","",0,"REP.CI2","","","","","",1000,1000,7,1,1000,1000,40,1.33
"REP","IC1","","",946,556,946,20885,250,850,4109,"REP.IC1",945,946,946,841,587,940.21,940.5,3614,516.29,941.58,937.74,16356,545.2
"REP","NC1","","",947,1546,947,15559,1000,852,17126,"REP.NC1",947,947,947,813,805,921.29,922.65,4063,580.43,916.69,881.7,34176,1139.2
"REP","NC2","","",924,47,924,47,80,890,180,"REP.NC2",924,924,924,924,30,906,909.28,137,19.57,920.55,924.7,598,19.93
"RG","AI1","","",1990,307,1990,10364,250,1360,4371,"RG.AI1",2000,1990,2000,1990,358,1848.75,1849.18,2997,428.14,1707.9,1748.81,9168,305.6
"RG","CI1","","",2080,154,2080,1598,250,1310,1783,"RG.CI1",1990,2080,2080,1990,336,2029.29,1996.29,1992,284.57,1827.41,1755.07,9287,309.57
"RG","CI2","","",2090,233,1800,233,"","",0,"RG.CI2","","","","","","","","","","","","",""
"RG","IC1","","",1530,40,1500,15121,250,1470,1676,"RG.IC1","","","","","",1504.5,1517.71,1148,164,1603.52,1600.64,6668,222.27
"RG","NC1","","",1490,219,1490,13572,120,1370,5592,"RG.NC1",1470,1480,1480,1370,727,1437.08,1467.03,3710,530,1430.63,1451.61,19407,646.9
"RG","NC2","","",2500,390,1560,395,"","",0,"RG.NC2","","","","","","","","","","","","",""
"RGO","AI1","","",2310,5,2310,936,499,1650,599,"RGO.AI1","","","","","",1650,1650,1,0.14,2224.29,2312.56,90,3
"RGO","CI1","","",2000,57,2000,801,50,1500,50,"RGO.CI1","","","","","",2090,2090,7,1,2007.5,1262.59,599,19.97
"RGO","CI2","","",794.69,"","",0,"","",0,"RGO.CI2","","","","","","","","","","","","",""
"RGO","IC1","","",1000,16,2600,39,43,1000,83,"RGO.IC1","","","","","","","","","",2000,2000,19,0.63
"RGO","NC1","","",2370,181,2370,4057,207,1650,1359,"RGO.NC1","","","","","",2395,2395.74,54,7.71,2259.5,2115.06,494,16.47
"RGO","NC2","","",794.69,10,2100,10,"","",0,"RGO.NC2","","","","","","","","","","","","",""
"RHP","AI1","","",7000,188,10000,188,50,6200,86,"RHP.AI1","","","","","","","","","",9000,8032.79,61,2.03
"RHP","CI1","","",8000,90,7990,110,100,6400,100,"RHP.CI1","","","","","","","","","",8000,8000,20,0.67
"RHP","CI2","","",2754.41,"","",0,"","",0,"RHP.CI2","","","","","","","","","","","","",""
"RHP","IC1","","",7500,40,7590,100,64,5000,64,"RHP.IC1","","","","","","","","","",7500,7500,2,0.07
"RHP","NC1","","",7000,60,7000,450,96,6300,96,"RHP.NC1","","","","","",6995,6993.08,130,18.57,6888,6925.84,329,10.97
"RHP","NC2","","",2754.41,"","",0,"","",0,"RHP.NC2","","","","","","","","","","","","",""
"ROM","AI1","","",5810,100,5800,5253,760,5100,6603,"ROM.AI1","","","","","",5856,5846.51,576,82.29,5825.71,5795.21,4520,150.67
"ROM","CI1","","",5290,86,5290,1968,10,5000,256,"ROM.CI1","","","","","",5290,5290,70,10,5250.19,5123.38,1100,36.67
"ROM","CI2","","",1901.96,"","",0,"","",0,"ROM.CI2","","","","","","","","","","","","",""
"ROM","IC1","","",5200,140,5200,1843,13,4920,100463,"ROM.IC1","","","","","",5172,5165.7,435,62.14,5125.67,5104.97,3665,122.17
"ROM","NC1","","",5470,350,5470,4036,756,4900,4106,"ROM.NC1","","","","","",5185,4928.03,244,34.86,5426.67,5393.96,1595,53.17
"ROM","NC2","","",4500,40,7500,40,"","",0,"ROM.NC2","","","","","","","","","","","","",""
"RSE","AI1","","",27852.5,76,27900,3522,100,27600,666,"RSE.AI1",27800,27800,27800,27800,4,28562.5,28639.62,901,128.71,29470.37,29426.94,3010,100.33
"RSE","CI1","","",29840.41,88,30000,3015,35,28100,471,"RSE.CI1",29700,29600,29700,29600,10,29760.71,29098.33,419,59.86,30789.29,29495.47,1545,51.5
"RSE","CI2","","",33000,50,30000,150,"","",0,"RSE.CI2","","","","","","","","","","","","",""
"RSE","IC1","","",29700,70,29700,847,17,27100,30493,"RSE.IC1",29000,29700,29800,27100,142,28500,28825.1,478,68.29,28459.82,28490.41,2263,75.43
"RSE","NC1","","",32300,181,32300,1890,17,27100,409,"RSE.NC1",32200,30600,32300,30600,62,30128.57,29832.44,1048,149.71,29456.67,29305,4401,146.7
"RSE","NC2","","",25800,24,26300,39,10,25000,10,"RSE.NC2","","","","","","","","","",25800,25800,10,0.33
"RSH","AI1","","",28000,711,40000,712,183,28000,397,"RSH.AI1","","","","","","","","","","","","",""
"RSH","CI1","","",50000,16,40000,16,"","",0,"RSH.CI1","","","","","","","","","","","","",""
"RSH","CI2","","",19215.07,"","",0,"","",0,"RSH.CI2","","","","","","","","","","","","",""
"RSH","IC1","","",30000,"","",0,30,22000,30,"RSH.IC1","","","","","","","","","",30000,30000,6,0.2
"RSH","NC1","","",22000,15,40000,15,22,22000,32,"RSH.NC1","","","","","",22000,22000,8,1.14,22000,22000,8,0.27
"RSH","NC2","","",28000,"","",0,"","",0,"RSH.NC2","","","","","","","","","","","","",""
"RSI","AI1","","",1990,48,1990,272,300,200,300,"RSI.AI1","","","","","",1990,1990,11,1.57,1996.11,1994.94,164,5.47
"RSI","CI1","","",2730,27,2730,234,12,1700,12,"RSI.CI1","","","","","",2730,2730,17,2.43,2682.5,2572.07,82,2.73
"RSI","CI2","","",684.2,80,2100,80,"","",0,"RSI.CI2","","","","","","","","","","","","",""
"RSI","IC1","","",1700,10,2480,11,7,1700,57,"RSI.IC1","","","","","","","","","",2160,2292.4,50,1.67
"RSI","NC1","","",2100,504,2100,504,9,723,54,"RSI.NC1",2100,2100,2100,2100,30,2100,2100,30,4.29,2023.5,2048.04,159,5.3
"RSI","NC2","","",1150,"","",0,"","",0,"RSI.NC2","","","","","","","","","","","","",""
"RTA","AI1","","",24300,54,24100,1814,59,15100,1754,"RTA.AI1",24300,24300,24300,24300,6,24575,24683.93,417,59.57,20475,19918.62,1982,66.07
"RTA","CI1","","",23500,77,23500,717,4,17300,348,"RTA.CI1",23500,23500,23500,23500,15,20137.5,20755.11,499,71.29,18004.63,18526.27,2094,69.8
"RTA","CI2","","",17300,10,25000,10,"","",0,"RTA.CI2","","","","","","","","","","","","",""
"RTA","IC1","","",17000,12,17000,539,30,15300,1141,"RTA.IC1",16900,17000,17000,16800,74,16904.17,16945.93,246,35.14,16448.21,16496.33,981,32.7
"RTA","NC1","","",23700,7,23700,562,100,17800,1124,"RTA.NC1",23600,23700,23700,23600,63,21454.17,21388.35,884,126.29,18867.24,19541.98,3042,101.4
"RTA","NC2","","",20000,2,20000,2,10,14200,10,"RTA.NC2","","","","","","","","","","","","",""
"S","AI1","","",263,285,263,6776,250,207,6950,"S.AI1","","","","","",263.5,263.32,608,86.86,308.34,290.19,7046,234.87
"S","CI1","","",334,69,329,2800,250,221,5117,"S.CI1","","","","","",327.2,304.63,873,124.71,303.55,282.94,7533,251.1
"S","CI2","","",280,"","",0,"","",0,"S.CI2","","","","","","","","","","","","",""
"S","IC1","","",240,2278,240,5148,250,213,1826,"S.IC1",240,240,240,240,150,241.6,241.19,819,117,242.71,240.09,6935,231.17
"S","NC1","","",235,164,329,9424,52,235,7469,"S.NC1",328,329,329,328,228,327.75,315.31,1187,169.57,253.71,232.18,10801,360.03
"S","NC2","","",145,42,180,142,"","",0,"S.NC2","","","","","","","","","","","","",""
"SA","AI1","","",8180,1,8180,136,44,7500,44,"SA.AI1","","","","","",8180,8180,3,0.43,7995,8070.43,23,0.77
"SA","CI1","","",8000,98,8080,266,1,3500,1,"SA.CI1","","","","","","","","","","","","",""
"SA","CI2","","",3410.75,"","",0,"","",0,"SA.CI2","","","","","","","","","","","","",""
"SA","IC1","","",9500,20,9500,152,500,5750,500,"SA.IC1","","","","","","","","","",9175,9473.47,49,1.63
"SA","NC1","","",7000,10,7600,436,62,7000,62,"SA.NC1","","","","","","","","","",7366.67,7365,40,1.33
"SA","NC2","","",3410.75,"","",0,"","",0,"SA.NC2","","","","","","","","","","","","",""
"SAL","AI1","","",6500,68,7400,267,62,6500,62,"SAL.AI1","","","","","",6947.5,6882.86,7,1,7223.75,7265.95,37,1.23
"SAL","CI1","","",7490,4,7480,468,"","",0,"SAL.CI1","","","","","",7490,7490,1,0.14,7294,7039.2,50,1.67
"SAL","CI2","","",3410.75,"","",0,"","",0,"SAL.CI2","","","","","","","","","","","","",""
"SAL","IC1","","",7900,14,7900,126,"","",0,"SAL.IC1",7900,7900,7900,7900,3,7900,7900,6,0.86,7723.33,7716.9,116,3.87
"SAL","NC1","","",7358.83,8,7500,1041,81,6500,481,"SAL.NC1",7190,7500,7500,7190,132,7345,7408.33,132,18.86,7059,7272.41,174,5.8
"SAL","NC2","","",3410.75,"","",0,"","",0,"SAL.NC2","","","","","","","","","","","","",""
"SAR","AI1","","",34500,2,34400,843,52,34000,1025,"SAR.AI1","","","","","",34508.33,34480.31,381,54.43,34184.62,34192.72,3282,109.4
"SAR","CI1","","",38912.5,2,39000,989,3,30000,144,"SAR.CI1","","","","","",35256.25,34129.55,44,6.29,35671.43,32389.52,1488,49.6
"SAR","CI2","","",9564.21,"","",0,"","",0,"SAR.CI2","","","","","","","","","","","","",""
"SAR","IC1","","",35000,144,35000,641,200,28100,581,"SAR.IC1",35000,35000,35000,35000,7,34975,34943.41,129,18.43,34884.38,34915.52,522,17.4
"SAR","NC1","","",34000,115,34000,809,29,30000,372,"SAR.NC1",34000,34000,34000,34000,8,33870.83,33902.21,453,64.71,33710.87,33690.6,1383,46.1
"SAR","NC2","","",9564.21,10,34000,10,"","",0,"SAR.NC2","","","","","","","","","","","","",""
"SBU","AI1","","",41900,35,41900,1288,1,33100,31,"SBU.AI1","","","","","",41900,41900,4,0.57,41962.5,41967.39,46,1.53
"SBU","CI1","","",41650,58,42000,58,10,36000,75,"SBU.CI1","","","","","","","","","",41650,41931.25,32,1.07
"SBU","CI2","","",14800.44,"","",0,"","",0,"SBU.CI2","","","","","","","","","","","","",""
"SBU","IC1","","",42000,139,42000,149,15,30000,15,"SBU.IC1","","","","","",42000,42000,1,0.14,41950,41909.09,11,0.37
"SBU","NC1","","",31000,26,41500,176,12,31000,25,"SBU.NC1","","","","","",41000,41000,10,1.43,40136.54,40700,116,3.87
"SBU","NC2","","",14800.44,"","",0,"","",0,"SBU.NC2","","","","","","","","","","","","",""
"SC","AI1","","",2270,29,2270,6500,80,1400,3047,"SC.AI1",2280,2270,2290,1400,239,2240.71,1988.8,1117,159.57,1985.92,1871.08,6235,207.83
"SC","CI1","","",1420,21,1420,2133,32,1260,2190,"SC.CI1",1440,1420,1440,1420,219,1432.5,1440.4,1034,147.71,1278.32,1282.23,4306,143.53
"SC","CI2","","",1500,177,1500,313,100,800,100,"SC.CI2","","","","","","","","","",1500,1500,18,0.6
"SC","IC1","","",1570,24,1570,2761,300,1410,3378,"SC.IC1",1580,1580,1580,1570,195,1662.86,1695.91,953,136.14,1309.96,1272.88,6177,205.9
"SC","NC1","","",2790,7,2790,1035,50,912,4528,"SC.NC1",2800,2790,2800,2700,148,2124.64,1834.82,2917,416.71,1460.33,1366.66,8660,288.67
"SC","NC2","","",1200,303,1200,365,50,950,50,"SC.NC2","","","","","",1200,1200,12,1.71,1275,1353,100,3.33
"SCB","AI1","","",120000,9,120000,17,"","",0,"SCB.AI1","","","","","",120000,120000,1,0.14,116333.33,116333.33,3,0.1
"SCB","CI1","","",125000,1,125000,3,"","",0,"SCB.CI1","","","","","","","","","","","","",""
"SCB","CI2","","",53413.53,"","",0,"","",0,"SCB.CI2","","","","","","","","","","","","",""
"SCB","IC1","","",105000,1,115000,4,"","",0,"SCB.IC1","","","","","","","","","","","","",""
"SCB","NC1","","",150000,1,159000,1,"","",0,"SCB.NC1","","","","","","","","","",50000,50000,1,0.03
"SCB","NC2","","",53413.53,"","",0,"","",0,"SCB.NC2","","","","","","","","","","","","",""
"SCN","AI1","","",2270,555,2270,5398,176,2150,2796,"SCN.AI1",2270,2270,2280,2150,461,2230,2231.94,3692,527.43,2394.92,2327.58,13070,435.67
"SCN","CI1","","",2690,8,2690,5722,50,1000,100,"SCN.CI1",2720,2720,2720,2720,19,2651.79,2612.41,818,116.86,2832.58,2654.95,3356,111.87
"SCN","CI2","","",3000,974,3000,974,"","",0,"SCN.CI2","","","","","","","","","",3000,3000,15,0.5
"SCN","IC1","","",2650,474,2650,5340,12,2500,89,"SCN.IC1",2660,2650,2660,2650,162,2692.86,2701.34,954,136.29,2822.92,2812.28,4172,139.07
"SCN","NC1","","",2590,5,2590,4597,10,2300,3734,"SCN.NC1",2580,2590,2590,2300,155,2545.36,2429.73,878,125.43,2675.17,2456.93,7130,237.67
"SCN","NC2","","",2250,25,2250,227,50,2200,90,"SCN.NC2","","","","","",2250,2250,5,0.71,2861.88,2758.89,45,1.5
"SCR","AI1",82,"",438,140,438,3789,200,203,6068,"SCR.AI1",438,438,438,438,20,438,438,40,5.71,421.56,413.58,274,9.13
"SCR","CI1",82,"",201,944,300,944,417,201,1996,"SCR.CI1","","","","","",225.58,226.77,343,49,240.47,225.76,2063,68.77
"SCR","CI2","","",100,"","",0,"","",0,"SCR.CI2","","","","","","","","","","","","",""
"SCR","IC1",82,"",395,30,395,9045,500,202,6202,"SCR.IC1","","","","","",395,395,40,5.71,392.5,391.82,110,3.67
"SCR","NC1",82,"",250,180,250,9848,113,249,5866,"SCR.NC1",250,250,250,250,63,218.95,211.58,750,107.14,218.62,219.6,4178,139.27
"SCR","NC2","","",144,"","",0,"","",0,"SCR.NC2","","","","","","","","","",144,144,15,0.5
"SDM","AI1","","",3400000,1,3000000,1,"","",0,"SDM.AI1","","","","","","","","","","","","",""
"SDM","CI1","","",1115816.38,"","",0,"","",0,"SDM.CI1","","","","","","","","","","","","",""
"SDM","CI2","","",1115816.38,"","",0,"","",0,"SDM.CI2","","","","","","","","","","","","",""
"SDM","IC1","","",1115816.38,"","",0,"","",0,"SDM.IC1","","","","","","","","","","","","",""
"SDM","NC1","","",2500000,"","",0,"","",0,"SDM.NC1","","","","","","","","","","","","",""
"SDM","NC2","","",1115816.38,"","",0,"","",0,"SDM.NC2","","","","","","","","","","","","",""
"SDR","AI1",100000,"",101000,"","",0,100,100000,100,"SDR.AI1",101000,101000,101000,101000,17,101000,101000,17,2.43,101125,101104.65,86,2.87
"SDR","CI1",100000,"",100000,103,115000,103,100,100000,100,"SDR.CI1","","","","","","","","","",100000,100000,12,0.4
"SDR","CI2","","",37717.07,"","",0,"","",0,"SDR.CI2","","","","","","","","","","","","",""
"SDR","IC1",100000,"",100000,"","",0,100,100000,100,"SDR.IC1","","","","","","","","","",100000,100000,57,1.9
"SDR","NC1",100000,"",100000,"","",0,100,100000,100,"SDR.NC1","","","","","","","","","","","","",""
"SDR","NC2","","",37717.07,"","",0,"","",0,"SDR.NC2","","","","","","","","","","","","",""
"SEA","AI1","","",200,9314,200,84919,197,199,105174,"SEA.AI1",200,200,200,200,682,199.54,199.5,4070,581.43,198.36,199.29,26234,874.47
"SEA","CI1","","",181.42,83,182,63945,2000,166,108500,"SEA.CI1",184,182,184,182,510,183.92,181.62,1797,256.71,190.25,175.07,28440,948
"SEA","CI2","","",157.33,2135,160,4135,200,140,200,"SEA.CI2","","","","","","","","","",155.63,156.17,3695,123.17
"SEA","IC1","","",197,1327,197,21365,1500,173,110926,"SEA.IC1",195,195,195,195,378,194.45,192.52,11656,1665.14,193.61,193.89,44740,1491.33
"SEA","NC1","","",158,7748,194,53861,1812,158,129421,"SEA.NC1",158,194,194,158,717,182.38,183.32,13703,1957.57,192.01,191.04,55877,1862.57
"SEA","NC2","","",172.4,315,175,815,190,153,190,"SEA.NC2",160,175,175,160,100,163.75,160.91,596,85.14,166.8,167.41,1145,38.17
"SEN","AI1","","",895,448,895,74364,1000,870,41977,"SEN.AI1","","","","","",879.85,891.11,6859,979.86,875.48,870.46,101340,3378
"SEN","CI1","","",922,340,922,29060,500,751,10113,"SEN.CI1","","","","","",911.1,919.37,1371,195.86,877.81,857.39,33712,1123.73
"SEN","CI2","","",600,"","",0,"","",0,"SEN.CI2","","","","","","","","","",605,605,100,3.33
"SEN","IC1","","",992,351,992,19370,104,752,9573,"SEN.IC1",879,992,993,879,869,917.19,970.85,6025,860.71,936.91,907.39,20460,682
"SEN","NC1","","",937,951,937,32422,5669,850,5669,"SEN.NC1","","","","","",923.9,912.15,6293,899,914.85,894.61,41548,1384.93
"SEN","NC2","","",775,"","",0,"","",0,"SEN.NC2","","","","","","","","","","","","",""
"SEQ","AI1","","",20000,49,22000,220,75,20000,109,"SEQ.AI1","","","","","","","","","",20000,20000,10,0.33
"SEQ","CI1","","",20000,"","",0,"","",0,"SEQ.CI1","","","","","","","","","","","","",""
"SEQ","CI2","","",8481.09,"","",0,"","",0,"SEQ.CI2","","","","","","","","","","","","",""
"SEQ","IC1","","",25000,"","",0,10,16000,10,"SEQ.IC1","","","","","","","","","","","","",""
"SEQ","NC1","","",20000,4,20300,37,"","",0,"SEQ.NC1","","","","","","","","","",20000,20000,3,0.1
"SEQ","NC2","","",8481.09,"","",0,"","",0,"SEQ.NC2","","","","","","","","","","","","",""
"SF","AI1",10.6,31.7,25.4,47464,25.4,1914055,2183,24.7,2061005,"SF.AI1",25.5,25.3,25.5,24.4,157585,25.06,25.2,1127990,161141.43,24.28,24.49,5109909,170330.3
"SF","CI1",10.2,30.5,22.8,12938,23.8,823270,2498,22.8,3535491,"SF.CI1",24,23.6,24.1,22.6,264154,23.52,23.38,1346436,192348,22.69,22.59,7987604,266253.47
"SF","CI2","","",23.5,56085,23.5,86085,10000,20,310000,"SF.CI2",23.5,23.5,23.5,23.5,2819,23.18,20.6,108929,15561.29,22.82,21.68,230485,7682.83
"SF","IC1",10.5,31.6,26.8,1000,26.7,1648628,20000,25.4,162051,"SF.IC1",27.9,27.6,27.9,25.7,182367,26.47,26.54,1286733,183819,25.86,26.05,6366929,212230.97
"SF","NC1",10.6,31.7,26.9,163744,26.9,1261995,1390,26.8,6329041,"SF.NC1",26.9,26.9,26.9,26,153754,27.15,27.36,843699,120528.43,25.32,25.19,6394835,213161.17
"SF","NC2","","",26,25334,26,192306,2700,24.1,77886,"SF.NC2",26,26,26,26,1287,25.92,25.91,40256,5750.86,23.71,23.39,200628,6687.6
"SFE","AI1","","",60000,37,60000,113,7,50000,7,"SFE.AI1","","","","","",60000,60000,5,0.71,59900,59944.44,18,0.6
"SFE","CI1","","",59900,4,59900,282,"","",0,"SFE.CI1",59900,59900,59900,59900,1,59900,59900,1,0.14,59925,59186.54,52,1.73
"SFE","CI2","","",25136.58,"","",0,"","",0,"SFE.CI2","","","","","","","","","","","","",""
"SFE","IC1","","",62800,5,62800,119,2,53000,3,"SFE.IC1",60000,62800,62800,60000,2,60700,60933.33,3,0.43,59500,60444.44,9,0.3
"SFE","NC1","","",55000,16,55000,343,17,42000,17,"SFE.NC1",55000,55000,55000,55000,1,55000,55000,4,0.57,53419.64,54134.72,72,2.4
"SFE","NC2","","",25136.58,"","",0,"","",0,"SFE.NC2","","","","","","","","","","","","",""
"SFK","AI1","","",109,93,109,84128,2500,90.1,155956,"SFK.AI1",119,110,119,100,3424,114.21,117.49,13304,1900.57,113.2,114.54,75082,2502.73
"SFK","CI1","","",105,24,105,63056,1997,80.1,112447,"SFK.CI1",113,109,113,80.1,2627,107.88,107.58,11835,1690.71,110.45,109.73,32290,1076.33
"SFK","CI2","","",85,1389,85,4389,"","",0,"SFK.CI2","","","","","","","","","",85,85,2500,83.33
"SFK","IC1","","",99.6,18,99.6,87227,2500,81.2,107522,"SFK.IC1",99.3,97.9,99.8,97.9,2935,99.28,99.48,6786,969.43,98.89,98.68,36534,1217.8
"SFK","NC1","","",87.74,805,88,195485,1380,80.6,249138,"SFK.NC1",82,88,88,80.5,10816,83.26,83.97,32174,4596.29,85.77,85.89,115418,3847.27
"SFK","NC2","","",76,144,80,1160,1000,77.9,1100,"SFK.NC2","","","","","","","","","","","","",""
"SFL","AI1","","",95000,1,95000,40,"","",0,"SFL.AI1","","","","","","","","","",95000,95000,1,0.03
"SFL","CI1","","",105000,2,105000,40,"","",0,"SFL.CI1","","","","","","","","","",105000,105000,2,0.07
"SFL","CI2","","",39315.27,"","",0,"","",0,"SFL.CI2","","","","","","","","","","","","",""
"SFL","IC1","","",100000,2,100000,12,"","",0,"SFL.IC1","","","","","","","","","","","","",""
"SFL","NC1","","",88900,4,89000,6,"","",0,"SFL.NC1","","","","","","","","","",80000,80000,1,0.03
"SFL","NC2","","",39315.27,"","",0,"","",0,"SFL.NC2","","","","","","","","","","","","",""
"SI","AI1","","",2383.16,2033,2400,30551,84,2110,7492,"SI.AI1",2110,2120,2400,2110,3189,2211.64,2199.62,13568,1938.29,2358.38,2354.01,41733,1391.1
"SI","CI1","","",2450,10,2300,9193,400,2240,4587,"SI.CI1",2400,2450,2450,2400,195,2415.36,2426.91,1509,215.57,2446.76,2387.26,13704,456.8
"SI","CI2","","",2700,818,2700,818,"","",0,"SI.CI2","","","","","","","","","",2700,2700,40,1.33
"SI","IC1","","",2430,124,2430,4428,53,2270,2558,"SI.IC1",2270,2440,2440,2250,1093,2349.64,2381.4,3608,515.43,2371.29,2390.37,15787,526.23
"SI","NC1","","",2410,65,2410,20902,75,2310,5780,"SI.NC1",2300,2310,2410,2300,873,2391.43,2399.09,5759,822.71,2498.5,2511.09,24319,810.63
"SI","NC2","","",2500,209,2500,209,50,2280,50,"SI.NC2","","","","","","","","","",2500,2500,400,13.33
"SIL","AI1","","",3000,356,3000,803,"","",0,"SIL.AI1","","","","","",2933.33,2814.59,617,88.14,2933.33,2814.59,617,20.57
"SIL","CI1","","",2650,72,2650,673,6,1900,207,"SIL.CI1","","","","","",2640,2640,17,2.43,2640,2640,59,1.97
"SIL","CI2","","",2265.14,4,10000,4,"","",0,"SIL.CI2","","","","","","","","","","","","",""
"SIL","IC1","","",3208.33,74,3480,629,4,2000,34,"SIL.IC1","","","","","",4020,3572.5,60,8.57,4250.31,3952.1,143,4.77
"SIL","NC1","","",3000,757,3000,2259,26,2500,26,"SIL.NC1","","","","","",2875,2762.28,509,72.71,2783.33,2759.56,654,21.8
"SIL","NC2","","",2265.14,10,3500,14,20,2430,20,"SIL.NC2","","","","","","","","","","","","",""
"SIO","AI1",38,"",124,47,124,348857,1721,107,50099,"SIO.AI1",122,124,126,107,4283,120.43,115.65,33963,4851.86,119.78,115.49,171356,5711.87
"SIO","CI1",38,"",152,3281,152,178096,200,142,14186,"SIO.CI1",131,152,152,131,1793,150.75,149.15,7848,1121.14,145.84,142.84,49278,1642.6
"SIO","CI2","","",150,208,150,5556,"","",0,"SIO.CI2","","","","","","","","","",148.75,146.53,1100,36.67
"SIO","IC1",38,"",119,5236,119,46951,2000,111,37619,"SIO.IC1",111,119,119,111,4148,116.11,116.08,16548,2364,107.73,107.55,83380,2779.33
"SIO","NC1",38,"",167,816,167,166560,100,130,35811,"SIO.NC1",165,168,168,123,4936,159.25,165.39,20638,2948.29,152.03,155.23,123176,4105.87
"SIO","NC2","","",190,797,190,5779,200,118,200,"SIO.NC2","","","","","",190,190,75,10.71,190,190,1724,57.47
"SNM","AI1","","",110000,19,110000,80,7,100000,7,"SNM.AI1","","","","","","","","","",104125,103884.06,69,2.3
"SNM","CI1","","",100000,1,160000,7,5,105000,11,"SNM.CI1","","","","","","","","","",100000,100000,4,0.13
"SNM","CI2","","",76610.66,"","",0,"","",0,"SNM.CI2","","","","","","","","","","","","",""
"SNM","IC1","","",105000,1,108000,31,1,50000,100002,"SNM.IC1","","","","","","","","","",103500,103105.26,19,0.63
"SNM","NC1","","",108000,7,115000,27,3,108000,112,"SNM.NC1","","","","","","","","","",108000,105437.5,32,1.07
"SNM","NC2","","",76610.66,"","",0,"","",0,"SNM.NC2","","","","","","","","","","","","",""
"SOI","AI1","","",700,1685,900,6408,500,701,7498,"SOI.AI1","","","","","",800.33,872.52,322,46,842.4,837.87,4923,164.1
"SOI","CI1","","",900,719,900,2450,500,801,4494,"SOI.CI1",900,900,900,900,57,874.5,883.29,597,85.29,886.36,883.39,3887,129.57
"SOI","CI2","","",450,"","",0,"","",0,"SOI.CI2","","","","","","","","","","","","",""
"SOI","IC1","","",1320,795,1320,4410,40,837,9544,"SOI.IC1",1290,837,1380,837,358,1215.88,1083.93,2134,304.86,972.47,910.11,7187,239.57
"SOI","NC1","","",850,570,850,16531,500,616,9059,"SOI.NC1",850,850,850,850,200,844.3,847.85,2113,301.86,813.24,822.18,7581,252.7
"SOI","NC2","","",745,315,745,363,"","",0,"SOI.NC2","","","","","","","","","",745,745,100,3.33
"SOL","AI1","","",1300,281,1300,26774,789,1150,4789,"SOL.AI1","","","","","",1280,1301.97,861,123,1364.2,1289.12,3555,118.5
"SOL","CI1","","",1100,12,1800,440,952,1100,1952,"SOL.CI1","","","","","",1100,1100,24,3.43,1160.63,1110.71,5101,170.03
"SOL","CI2","","",446.02,"","",0,"","",0,"SOL.CI2","","","","","","","","","","","","",""
"SOL","IC1","","",1790,99,1790,2782,5000,1300,5988,"SOL.IC1",1790,1790,1790,1790,51,1793.33,1793.61,255,36.43,1941.09,1908.97,1573,52.43
"SOL","NC1","","",1690,172,1650,4095,700,1450,6543,"SOL.NC1","","","","","",1586.67,1499.35,826,118,1533.57,1517.31,1374,45.8
"SOL","NC2","","",1200,"","",0,"","",0,"SOL.NC2","","","","","","","","","","","","",""
"SP","AI1",2500,"",3500,3288,3500,3389,100,2670,9367,"SP.AI1","","","","","",3153.5,2744.45,1628,232.57,2805.45,2542.33,14526,484.2
"SP","CI1",2500,"",2520,58,2800,883,100,2510,200,"SP.CI1","","","","","",2510,2506.67,216,30.86,2670,2573.34,2097,69.9
"SP","CI2","","",3000,"","",0,"","",0,"SP.CI2","","","","","","","","","","","","",""
"SP","IC1",2500,"",3050,10,3050,4100,100,2660,1067,"SP.IC1","","","","","",3062.5,3053.33,78,11.14,3082.14,3036.04,445,14.83
"SP","NC1",2500,"",3280,41,3170,7248,100,2510,210,"SP.NC1","","","","","",3155,2528.52,772,110.29,2952.26,2825.98,10351,345.03
"SP","NC2","","",2560,160,3000,160,"","",0,"SP.NC2","","","","","","","","","","","","",""
"SPT","AI1","","",750,"","",0,"","",0,"SPT.AI1","","","","","","","","","","","","",""
"SPT","CI1","","",600,1000,700,4000,"","",0,"SPT.CI1","","","","","","","","","","","","",""
"SPT","CI2","","",189.33,"","",0,"","",0,"SPT.CI2","","","","","","","","","","","","",""
"SPT","IC1","","",780,100,850,22200,"","",0,"SPT.IC1","","","","","","","","","","","","",""
"SPT","NC1","","",520,500,800,3000,"","",0,"SPT.NC1","","","","","","","","","","","","",""
"SPT","NC2","","",189.33,"","",0,"","",0,"SPT.NC2","","","","","","","","","","","","",""
"SRD","AI1",70000,"",75000,2,75000,74,98,70100,198,"SRD.AI1","","","","","","","","","","","","",""
"SRD","CI1",70000,"",70000,3,88900,57,100,70000,100,"SRD.CI1","","","","","",70000,70000,29,4.14,70000,70000,104,3.47
"SRD","CI2","","",29473.94,"","",0,"","",0,"SRD.CI2","","","","","","","","","","","","",""
"SRD","IC1",70000,"",90000,5,90000,5,100,70100,200,"SRD.IC1",89900,90000,90000,89900,8,89950,89962.5,8,1.14,89950,89962.5,8,0.27
"SRD","NC1",70000,"",85000,4,85000,4,100,70100,200,"SRD.NC1","","","","","","","","","","","","",""
"SRD","NC2","","",29473.94,"","",0,"","",0,"SRD.NC2","","","","","","","","","","","","",""
"SRP","AI1","","",14000,62,13000,1912,"","",0,"SRP.AI1","","","","","","","","","","","","",""
"SRP","CI1","","",13500,129,13500,939,"","",0,"SRP.CI1","","","","","","","","","",13500,13500,2,0.07
"SRP","CI2","","",7928.26,"","",0,"","",0,"SRP.CI2","","","","","","","","","","","","",""
"SRP","IC1","","",20000,28,20000,300,"","",0,"SRP.IC1","","","","","","","","","",20000,20000,20,0.67
"SRP","NC1","","",17500,20,17500,791,100,4000,100,"SRP.NC1","","","","","","","","","","","","",""
"SRP","NC2","","",7928.26,"","",0,"","",0,"SRP.NC2","","","","","","","","","","","","",""
"SSC","AI1","","",635.12,61,620,17316,60,608,6100,"SSC.AI1",640,641,641,608,601,638.71,635.09,1999,285.57,748.94,714.3,9072,302.4
"SSC","CI1","","",575,174,639,5069,417,520,2162,"SSC.CI1",650,640,650,640,89,642.61,638.53,902,128.86,778.28,755.59,6994,233.13
"SSC","CI2","","",800,1736,800,1736,"","",0,"SSC.CI2","","","","","",800,800,20,2.86,800,800,264,8.8
"SSC","IC1","","",668,1082,668,4393,100,571,1332,"SSC.IC1",650,668,669,650,271,660.13,661.67,1198,171.14,660.54,663.03,6757,225.23
"SSC","NC1","","",688,2679,688,24510,100,571,7586,"SSC.NC1",690,689,690,689,366,692.32,692.17,1078,154,689.33,675.47,5790,193
"SSC","NC2","","",600,80,600,129,50,577,50,"SSC.NC2",600,600,600,600,18,600,600,46,6.57,592.8,588.43,112,3.73
"SSL","AI1","","",69500,10,69500,12,"","",0,"SSL.AI1","","","","","",69500,69500,1,0.14,69483.33,69462.5,8,0.27
"SSL","CI1","","",60000,6,71600,10,5,60000,5,"SSL.CI1","","","","","",60000,60000,5,0.71,69340,65860,10,0.33
"SSL","CI2","","",22109.03,"","",0,"","",0,"SSL.CI2","","","","","","","","","","","","",""
"SSL","IC1","","",80000,"","",0,1,20000,1,"SSL.IC1",79900,80000,80000,79900,2,57475,64966.67,3,0.43,61616.67,66200,4,0.13
"SSL","NC1","","",69500,10,69500,16,"","",0,"SSL.NC1","","","","","",69500,69500,1,0.14,69171.43,68937.5,8,0.27
"SSL","NC2","","",22109.03,"","",0,"","",0,"SSL.NC2","","","","","","","","","","","","",""
"SST","AI1","","",10000000,2,10000000,2,"","",0,"SST.AI1","","","","","","","","","","","","",""
"SST","CI1","","",3838074,"","",0,"","",0,"SST.CI1","","","","","","","","","","","","",""
"SST","CI2","","",3838074,"","",0,"","",0,"SST.CI2","","","","","","","","","","","","",""
"SST","IC1","","",3838074,"","",0,"","",0,"SST.IC1","","","","","","","","","","","","",""
"SST","NC1","","",10000000,"","",0,"","",0,"SST.NC1","","","","","","","","","","","","",""
"SST","NC2","","",3838074,"","",0,"","",0,"SST.NC2","","","","","","","","","","","","",""
"STL","AI1","","",2159.5,304,2200,17238,238,1530,3866,"STL.AI1",2200,1530,2200,1520,348,1882.5,1960.33,3997,571,1813.92,1870.76,16296,543.2
"STL","CI1","","",2097.87,16,2160,13070,4,2000,4087,"STL.CI1",2140,2050,2160,2050,464,2040,2041.13,2525,360.71,2003.3,2010.23,11649,388.3
"STL","CI2","","",2000,590,2000,2380,"","",0,"STL.CI2","","","","","","","","","",2000,2000,270,9
"STL","IC1","","",2130,266,2130,9628,164,1820,2449,"STL.IC1",2070,2100,2110,1810,760,2012.92,2054.42,2751,393,2106.12,2091.27,13123,437.43
"STL","NC1","","",1774.58,79,1830,34740,1965,1770,4863,"STL.NC1",1830,1830,1840,1750,1364,1812.14,1832.02,7470,1067.14,1843.67,1864.9,44002,1466.73
"STL","NC2","","",2000,30,2000,310,50,1600,50,"STL.NC2","","","","","",2000,2000,20,2.86,1959.17,1925.92,191,6.37
"STR","AI1",1750,"",2700,"","",0,19,2700,845,"STR.AI1",2700,2700,2700,2700,2,2800,2800,4,0.57,2861.11,2945.63,366,12.2
"STR","CI1",1750,"",3000,86,3000,186,274,2000,554,"STR.CI1","","","","","",3000,3000,20,2.86,2480,2597.13,418,13.93
"STR","CI2","","",2000,1,2350,51,"","",0,"STR.CI2","","","","","","","","","",2000,2000,150,5
"STR","IC1",1750,"",2900,17,3500,53,2000,2860,2558,"STR.IC1",2900,2900,2900,2900,40,3137.5,3173.68,95,13.57,3435,3343.31,157,5.23
"STR","NC1",1750,"",3300,10,3290,349,80,2500,460,"STR.NC1","","","","","","","","","",3210.56,3259.34,364,12.13
"STR","NC2","","",2600,2,2600,2,20,1700,20,"STR.NC2","","","","","","","","","",2600,2600,20,0.67
"STS","AI1","","",140000,1,149000,20,2,50100,16,"STS.AI1",140000,140000,140000,140000,1,156000,164000,4,0.57,174300,175187.5,16,0.53
"STS","CI1","","",183000,23,183000,33,"","",0,"STS.CI1",183000,183000,183000,183000,1,183000,183000,1,0.14,186000,185666.67,6,0.2
"STS","CI2","","",95665.68,"","",0,"","",0,"STS.CI2","","","","","","","","","","","","",""
"STS","IC1","","",150000,1,175000,15,1,17800,1,"STS.IC1",150000,150000,150000,150000,1,162500,162500,2,0.29,162500,162500,2,0.07
"STS","NC1","","",176207.2,1,180000,1,1,150000,2,"STS.NC1","","","","","","","","","",154625,160000,11,0.37
"STS","NC2","","",95665.68,"","",0,"","",0,"STS.NC2","","","","","","","","","","","","",""
"SU","AI1","","",115000,1,110000,16,"","",0,"SU.AI1","","","","","","","","","",115000,115000,1,0.03
"SU","CI1","","",200000,1,250000,1,"","",0,"SU.CI1","","","","","","","","","","","","",""
"SU","CI2","","",112362.03,"","",0,"","",0,"SU.CI2","","","","","","","","","","","","",""
"SU","IC1","","",112362.03,"","",0,"","",0,"SU.IC1","","","","","","","","","","","","",""
"SU","NC1","","",300000,20,300000,20,"","",0,"SU.NC1","","","","","","","","","","","","",""
"SU","NC2","","",112362.03,"","",0,"","",0,"SU.NC2","","","","","","","","","","","","",""
"SUD","AI1",100000,"",104000,20,105000,60,100,100000,100,"SUD.AI1","","","","","","","","","","","","",""
"SUD","CI1",100000,"",100000,"","",0,100,100000,100,"SUD.CI1","","","","","","","","","","","","",""
"SUD","CI2","","",37979.57,"","",0,"","",0,"SUD.CI2","","","","","","","","","","","","",""
"SUD","IC1",100000,"",100000,"","",0,100,100000,100,"SUD.IC1","","","","","","","","","","","","",""
"SUD","NC1",100000,"",120000,"","",0,100,100000,100,"SUD.NC1","","","","","","","","","","","","",""
"SUD","NC2","","",37979.57,"","",0,"","",0,"SUD.NC2","","","","","","","","","","","","",""
"SUN","AI1","","",850,3921,850,5397,40,600,180,"SUN.AI1","","","","","",799.88,826.21,136,19.43,808.72,823.78,2199,73.3
"SUN","CI1","","",799.5,310,800,2270,69,701,2857,"SUN.CI1",799,800,800,799,20,783.33,790.91,110,15.71,827.23,802.96,1674,55.8
"SUN","CI2","","",475,200,1000,200,"","",0,"SUN.CI2","","","","","","","","","","","","",""
"SUN","IC1","","",350,260,950,3787,96,350,96,"SUN.IC1",600,350,900,350,806,733.33,660.94,1705,243.57,989.44,939.83,3893,129.77
"SUN","NC1","","",1500,1,1140,1201,200,655,8002,"SUN.NC1","","","","","",1500,1500,100,14.29,1141.9,978.4,1740,58
"SUN","NC2","","",550,40,700,160,100,500,100,"SUN.NC2","","","","","","","","","",550,550,40,1.33
"SWF","AI1","","",290,300,280,93664,2170,220,145977,"SWF.AI1",289,290,290,289,1963,284.33,281.69,34451,4921.57,262.39,262.5,164409,5480.3
"SWF","CI1","","",225,1512,225,33833,10000,208,110712,"SWF.CI1",225,225,225,225,18785,219.83,224.17,24886,3555.14,210.72,213.61,72648,2421.6
"SWF","CI2","","",80.31,"","",0,"","",0,"SWF.CI2","","","","","","","","","","","","",""
"SWF","IC1","","",400,120,400,5810,500,210,110600,"SWF.IC1",450,450,450,450,508,497.58,522.56,7154,1022,292.27,304.07,29658,988.6
"SWF","NC1","","",255,18686,255,140462,50,215,119300,"SWF.NC1",254,255,255,254,2299,240.42,241.77,20151,2878.71,215.88,217.06,67453,2248.43
"SWF","NC2","","",110,1000,400,1000,"","",0,"SWF.NC2","","","","","","","","","","","","",""
"TA","AI1","","",20000,23,19900,698,5,13300,1130,"TA.AI1",20000,20000,20000,20000,16,19975,19983.33,30,4.29,19925,19916.03,156,5.2
"TA","CI1","","",19000,10,19000,416,151,15000,258,"TA.CI1","","","","","",19333.33,19172.41,58,8.29,17650,17736.22,196,6.53
"TA","CI2","","",8409.38,"","",0,50,8000,50,"TA.CI2","","","","","","","","","","","","",""
"TA","IC1","","",19000,30,18000,409,4,16000,1029,"TA.IC1","","","","","",18500,18157.89,95,13.57,18250,18253.97,189,6.3
"TA","NC1","","",16200,38,17500,501,210,15200,503,"TA.NC1","","","","","",16066.67,16154.72,106,15.14,16453.85,14596.19,578,19.27
"TA","NC2","","",23000,"","",0,"","",0,"TA.NC2","","","","","","","","","","","","",""
"TAC","AI1","","",150000,1,309000,65,"","",0,"TAC.AI1","","","","","","","","","","","","",""
"TAC","CI1","","",500000,3,350000,5,"","",0,"TAC.CI1","","","","","","","","","","","","",""
"TAC","CI2","","",91593.23,1,350000,1,"","",0,"TAC.CI2","","","","","","","","","","","","",""
"TAC","IC1","","",91593.23,"","",0,2,50000,2,"TAC.IC1","","","","","","","","","","","","",""
"TAC","NC1","","",550000,2,460000,13,"","",0,"TAC.NC1","","","","","","","","","","","","",""
"TAC","NC2","","",91593.23,"","",0,"","",0,"TAC.NC2","","","","","","","","","","","","",""
"TAI","AI1","","",800,54,700,5818,500,122,1656,"TAI.AI1","","","","","",785,795.84,428,61.14,558.33,664.43,1280,42.67
"TAI","CI1","","",650,113,999,4818,53,650,323,"TAI.CI1","","","","","",650,650,47,6.71,768.8,882.56,1006,33.53
"TAI","CI2","","",121.01,1000,900,1000,"","",0,"TAI.CI2","","","","","","","","","","","","",""
"TAI","IC1","","",777.88,230,789,1033,1800,500,1815,"TAI.IC1","","","","","",779,776.76,245,35,799.4,742.07,656,21.87
"TAI","NC1","","",900,513,1000,6458,200,700,2255,"TAI.NC1","","","","","","","","","",874.72,861.58,971,32.37
"TAI","NC2","","",750,419,750,419,"","",0,"TAI.NC2","","","","","","","","","","","","",""
"TBU","AI1","","",67000,165,67000,165,2,62000,17,"TBU.AI1","","","","","",66975,66950,8,1.14,66870,66937.5,48,1.6
"TBU","CI1","","",67000,113,67000,113,2,51000,2,"TBU.CI1","","","","","",67000,67000,35,5,67000,67000,36,1.2
"TBU","CI2","","",22796.04,"","",0,"","",0,"TBU.CI2","","","","","","","","","","","","",""
"TBU","IC1","","",67000,188,67000,198,10,60000,11,"TBU.IC1","","","","","","","","","",67000,67000,2,0.07
"TBU","NC1","","",66900,1,66900,163,13,59000,13,"TBU.NC1",66900,66900,66900,66900,10,62950,65583.33,12,1.71,64925,66110,20,0.67
"TBU","NC2","","",22796.04,"","",0,"","",0,"TBU.NC2","","","","","","","","","","","","",""
"TC","AI1","","",6400,33,6400,947,150,5200,674,"TC.AI1","","","","","","","","","",6396.67,6398,15,0.5
"TC","CI1","","",6200,135,8300,1542,16,6200,193,"TC.CI1","","","","","",6225,6229.76,84,12,6791.67,6456.89,283,9.43
"TC","CI2","","",3848.04,"","",0,"","",0,"TC.CI2","","","","","","","","","","","","",""
"TC","IC1","","",5385.38,3,6500,1169,2,3500,2,"TC.IC1","","","","","","","","","",5750,5300,20,0.67
"TC","NC1","","",22000,9,22000,344,50,5000,87,"TC.NC1","","","","","",22000,22000,3,0.43,20822.73,16897.37,76,2.53
"TC","NC2","","",7500,10,18000,10,10,4680,10,"TC.NC2","","","","","","","","","","","","",""
"TCB","AI1","","",51000,1,52000,1,"","",0,"TCB.AI1","","","","","","","","","","","","",""
"TCB","CI1","","",35000,1,20000,2,"","",0,"TCB.CI1","","","","","","","","","","","","",""
"TCB","CI2","","",9540.45,"","",0,"","",0,"TCB.CI2","","","","","","","","","","","","",""
"TCB","IC1","","",25500,1,20000,3,"","",0,"TCB.IC1","","","","","","","","","","","","",""
"TCB","NC1","","",34300,1,34200,18,"","",0,"TCB.NC1","","","","","","","","","","","","",""
"TCB","NC2","","",9540.45,"","",0,"","",0,"TCB.NC2","","","","","","","","","","","","",""
"TCL","AI1","","",4820,47,4820,7461,1,4380,9513,"TCL.AI1",4380,4820,4820,4380,573,4724.5,4886.22,1007,143.86,5091.25,5149.96,15058,501.93
"TCL","CI1","","",4486.31,1018,4650,4695,527,4480,2694,"TCL.CI1",4840,4480,4850,4480,896,4605,4633.5,3439,491.29,5330.2,4908.61,15114,503.8
"TCL","CI2","","",3500,10,5200,10,"","",0,"TCL.CI2","","","","","","","","","","","","",""
"TCL","IC1","","",4980,138,4770,5059,250,3700,1510,"TCL.IC1",4990,4980,4990,3660,1701,4540,4451.6,2373,339,5375.73,5023.79,8338,277.93
"TCL","NC1","","",3710,490,5160,4604,500,3720,5472,"TCL.NC1",5140,3710,5150,3710,458,4711.25,4419.73,5911,844.43,5059.82,5003.41,21565,718.83
"TCL","NC2","","",5000,500,5000,500,20,3500,20,"TCL.NC2","","","","","","","","","",5000,5000,30,1
"TCO","AI1","","",897,654,897,6661,200,500,1700,"TCO.AI1",897,897,897,897,10,897.67,897.76,42,6,877.5,869.24,1594,53.13
"TCO","CI1","","",800,189,800,2474,196,350,1870,"TCO.CI1",800,800,800,800,10,800,800,10,1.43,815.88,824.56,84,2.8
"TCO","CI2","","",500,8680,500,18609,"","",0,"TCO.CI2","","","","","","","","","",500,500,810,27
"TCO","IC1","","",799,41,799,1593,500,301,530,"TCO.IC1","","","","","",799,799,8,1.14,835.69,674.35,216,7.2
"TCO","NC1","","",1250,139,1250,6281,4347,800,5317,"TCO.NC1",1000,1250,1250,1000,15,1025,1053.57,56,8,1089.71,981.25,264,8.8
"TCO","NC2","","",650,600,575,1042,"","",0,"TCO.NC2","","","","","","","","","",650,650,93,3.1
"TCS","AI1","","",4000,24,4000,6325,5,3010,388,"TCS.AI1","","","","","",4000,4000,176,25.14,3687.5,4005.68,704,23.47
"TCS","CI1","","",4470,27,4500,1829,"","",0,"TCS.CI1","","","","","",4400,4400,10,1.43,4248.89,4168.91,175,5.83
"TCS","CI2","","",5700,"","",0,"","",0,"TCS.CI2","","","","","","","","","","","","",""
"TCS","IC1","","",3600,1134,3600,13219,10,3050,100090,"TCS.IC1",3600,3600,3600,3600,89,3400,3583.74,406,58,3682.78,3704.77,572,19.07
"TCS","NC1","","",3960,580,3950,1487,"","",0,"TCS.NC1","","","","","",3960,3960,7,1,4002,4010.6,50,1.67
"TCS","NC2","","",3960,50,3750,80,50,3360,50,"TCS.NC2","","","","","","","","","",3960,3960,50,1.67
"TCU","AI1","","",250000,3,230000,38,10,150000,12,"TCU.AI1","","","","","","","","","",250000,250000,1,0.03
"TCU","CI1","","",200000,3,199000,5,10,125000,20,"TCU.CI1","","","","","","","","","","","","",""
"TCU","CI2","","",69683.38,"","",0,"","",0,"TCU.CI2","","","","","","","","","","","","",""
"TCU","IC1","","",200000,2,250000,2,5,125000,20,"TCU.IC1","","","","","","","","","","","","",""
"TCU","NC1","","",196000,3,300000,13,7,196000,34,"TCU.NC1","","","","","","","","","","","","",""
"TCU","NC2","","",69683.38,"","",0,"","",0,"TCU.NC2","","","","","","","","","","","","",""
"THF","AI1","","",562,310,649,29300,40,563,8198,"THF.AI1",649,562,649,561,609,620.46,604.51,1444,206.29,626.54,620.78,18553,618.43
"THF","CI1","","",569,453,569,16944,406,471,1376,"THF.CI1",470,569,569,470,682,542,516.14,6847,978.14,583.44,549.15,19058,635.27
"THF","CI2","","",475,"","",0,"","",0,"THF.CI2","","","","","","","","","","","","",""
"THF","IC1","","",672,40,671,2745,1541,502,3880,"THF.IC1",670,672,672,471,1231,652.45,599.82,2099,299.86,627.89,567.97,20473,682.43
"THF","NC1","","",610,550,674,16845,500,502,7200,"THF.NC1",610,610,610,610,58,617.21,599.31,5622,803.14,617.97,590.95,37849,1261.63
"THF","NC2","","",506.89,950,500,950,40,420,40,"THF.NC2","","","","","","","","","",537.5,522.22,90,3
"THP","AI1","","",6090,368,6090,3515,648,5210,1846,"THP.AI1","","","","","",5650,5228.88,233,33.29,5855.71,5562.56,489,16.3
"THP","CI1","","",6400,77,7260,1497,114,6400,142,"THP.CI1","","","","","",6400,6400,28,4,6622.78,6865.41,2757,91.9
"THP","CI2","","",2399.04,"","",0,"","",0,"THP.CI2","","","","","","","","","","","","",""
"THP","IC1","","",7000,8,7000,322,50,5200,150,"THP.IC1",7000,7000,7000,7000,20,7000,7000,20,2.86,6266.67,6352.82,71,2.37
"THP","NC1","","",7000,332,8890,497,43,7000,43,"THP.NC1",8800,8880,8880,8800,50,7254,6761.02,236,33.71,6880.71,6621.49,1385,46.17
"THP","NC2","","",2399.04,"","",0,"","",0,"THP.NC2","","","","","","","","","","","","",""
"TI","AI1","","",2680,6,2440,15344,1986,2110,6286,"TI.AI1",2740,2680,2740,2150,125,2582.5,2429.23,5350,764.29,2481.96,2361.64,21451,715.03
"TI","CI1","","",2010,2,2100,13918,17,2010,1593,"TI.CI1",2300,2190,2340,2190,110,2083.75,2042.94,3483,497.57,2203.57,2188.76,16054,535.13
"TI","CI2","","",2400,340,2400,3125,"","",0,"TI.CI2","","","","","",2400,2400,60,8.57,2400,2400,60,2
"TI","IC1","","",2250,486,2250,5608,10,2240,410,"TI.IC1",2280,2280,2280,2280,11,2257.5,2246.35,945,135,2298.7,2297.07,3647,121.57
"TI","NC1","","",2293.55,176,2300,31253,2000,2040,8626,"TI.NC1",2280,2270,2280,2270,151,2195.42,2255.8,3440,491.43,2261.47,2274.55,22796,759.87
"TI","NC2","","",2490,100,2500,476,50,1890,50,"TI.NC2","","","","","","","","","","","","",""
"TIO","AI1",74,"",300,183,304,184230,2520,300,33256,"TIO.AI1",274,304,304,253,4714,282.39,274.65,12716,1816.57,314.88,300.42,47272,1575.73
"TIO","CI1",74,"",184,250,269,40889,1000,187,31077,"TIO.CI1",186,184,186,184,278,209.1,214.19,8811,1258.71,254.73,253.65,31830,1061
"TIO","CI2","","",330,3120,270,7040,"","",0,"TIO.CI2","","","","","","","","","","","","",""
"TIO","IC1",74,"",270,133,288,16218,50,250,580,"TIO.IC1",287,288,288,287,392,283.8,283.8,2777,396.71,296.81,293.94,16957,565.23
"TIO","NC1",74,"",263,74,263,88206,1000,234,9865,"TIO.NC1",264,263,264,263,1070,254.8,257.95,7064,1009.14,262.35,262.21,43212,1440.4
"TIO","NC2","","",220,"","",0,2000,280,2200,"TIO.NC2","","","","","","","","","","","","",""
"TK","AI1","","",47900,148,47900,433,"","",0,"TK.AI1","","","","","",47900,47900,7,1,47900,47900,7,0.23
"TK","CI1","","",32500,1,47000,360,5,32500,5,"TK.CI1","","","","","","","","","",32500,32500,50,1.67
"TK","CI2","","",20250.62,"","",0,"","",0,"TK.CI2","","","","","","","","","","","","",""
"TK","IC1","","",29900,2,38900,7,10,10000,10,"TK.IC1","","","","","","","","","",29900,29900,2,0.07
"TK","NC1","","",40000,2,30000,70,"","",0,"TK.NC1","","","","","","","","","","","","",""
"TK","NC2","","",20250.62,5,41100,5,"","",0,"TK.NC2","","","","","","","","","","","","",""
"TOR","AI1","","",900000,12,849000,12,"","",0,"TOR.AI1","","","","","","","","","","","","",""
"TOR","CI1","","",280650.28,"","",0,"","",0,"TOR.CI1","","","","","","","","","","","","",""
"TOR","CI2","","",280650.28,"","",0,"","",0,"TOR.CI2","","","","","","","","","","","","",""
"TOR","IC1","","",400000,"","",0,"","",0,"TOR.IC1","","","","","","","","","","","","",""
"TOR","NC1","","",1100000,1,1200000,3,"","",0,"TOR.NC1","","","","","","","","","","","","",""
"TOR","NC2","","",280650.28,"","",0,"","",0,"TOR.NC2","","","","","","","","","","","","",""
"TPU","AI1","","",3980,40,3970,2723,50,2250,830,"TPU.AI1","","","","","",3980,3980,127,18.14,3456.11,3936.86,449,14.97
"TPU","CI1","","",3200,200,4000,678,16,3200,116,"TPU.CI1","","","","","","","","","",3200,3200,4,0.13
"TPU","CI2","","",1175.2,"","",0,"","",0,"TPU.CI2","","","","","","","","","","","","",""
"TPU","IC1","","",3700,203,3700,1413,8,2400,368,"TPU.IC1","","","","","",3700,3700,1,0.14,3648.57,3737.55,106,3.53
"TPU","NC1","","",3000,72,4450,457,244,3000,744,"TPU.NC1","","","","","",3458.33,2888.94,597,85.29,3993.46,3149.66,874,29.13
"TPU","NC2","","",1000,"","",0,"","",0,"TPU.NC2","","","","","","","","","","","","",""
"TRA","AI1","","",2600,128,2600,887,400,2100,696,"TRA.AI1","","","","","",2600,2600,72,10.29,2375,2302.07,483,16.1
"TRA","CI1","","",2330,93,2330,545,160,1800,360,"TRA.CI1",2330,2330,2330,2330,46,2330,2330,57,8.14,2280,2262.76,373,12.43
"TRA","CI2","","",840.01,"","",0,"","",0,"TRA.CI2","","","","","","","","","","","","",""
"TRA","IC1","","",2453.85,88,2450,549,11,2020,1108,"TRA.IC1","","","","","",2420,2398.18,33,4.71,2213.75,2192.81,139,4.63
"TRA","NC1","","",2000,220,2000,2818,105,1610,728,"TRA.NC1","","","","","",1945,1981.42,302,43.14,1937.5,1973.52,1083,36.1
"TRA","NC2","","",840.01,10,2000,10,"","",0,"TRA.NC2","","","","","","","","","","","","",""
"TRN","AI1","","",668,216,668,62969,5852,540,136952,"TRN.AI1",668,668,668,668,84,652.25,645.09,27038,3862.57,655.18,637.79,175038,5834.6
"TRN","CI1","","",574,80,574,27633,500,510,115399,"TRN.CI1",575,575,575,575,728,569.07,564.03,5879,839.86,576.45,570.98,68499,2283.3
"TRN","CI2","","",500,"","",0,"","",0,"TRN.CI2","","","","","","","","","",500,500,360,12
"TRN","IC1","","",666,120,665,5961,329,525,114664,"TRN.IC1",665,666,666,665,1200,654.58,665.17,13590,1941.43,657.22,655.15,52779,1759.3
"TRN","NC1","","",636,6607,636,112978,25,524,135407,"TRN.NC1",635,636,637,635,3084,617.42,625.47,12331,1761.57,607.97,598.15,67018,2233.93
"TRN","NC2","","",50,1000,700,1000,"","",0,"TRN.NC2","","","","","","","","","","","","",""
"TRS","AI1","","",280000,3,280000,3,6,230000,12,"TRS.AI1","","","","","",280000,280000,8,1.14,290000,290000,55,1.83
"TRS","CI1","","",224000,"","",0,"","",0,"TRS.CI1","","","","","","","","","",291250,266595.74,47,1.57
"TRS","CI2","","",101058.03,"","",0,"","",0,"TRS.CI2","","","","","","","","","","","","",""
"TRS","IC1","","",294642.88,8,290000,11,10,230000,20,"TRS.IC1","","","","","",295000,294285.71,14,2,276500,279157.89,38,1.27
"TRS","NC1","","",300000,22,300000,658,8,250000,16,"TRS.NC1","","","","","",275000,294444.44,18,2.57,281666.67,289411.76,68,2.27
"TRS","NC2","","",101058.03,"","",0,"","",0,"TRS.NC2","","","","","","","","","","","","",""
"TRU","AI1","","",699,262,699,39796,9,620,14156,"TRU.AI1",698,699,699,573,1756,664.46,658.84,9318,1331.14,686.7,680.09,45452,1515.07
"TRU","CI1","","",657.56,40,792,4973,472,657,4773,"TRU.CI1",793,658,794,658,206,746.75,767.52,3726,532.29,691.8,688.17,21339,711.3
"TRU","CI2","","",820,295,820,295,"","",0,"TRU.CI2","","","","","",820,820,4,0.57,820,820,103,3.43
"TRU","IC1","","",769,56,768,30993,10,671,5652,"TRU.IC1",750,769,769,670,1871,774.11,758.5,5555,793.57,797.07,793.33,24911,830.37
"TRU","NC1","","",660,425,730,22218,2784,659,20946,"TRU.NC1",660,732,732,660,2311,730.68,739.94,8568,1224,693.25,699.13,48893,1629.77
"TRU","NC2","","",525,325,525,567,29,519,129,"TRU.NC2",525,525,525,525,66,542.25,529.56,104,14.86,586.41,586.53,544,18.13
"TS","AI1","","",250,1065,900,7986,200,202,5850,"TS.AI1","","","","","","","","","",900,900,235,7.83
"TS","CI1","","",250,117,495,150,335,250,1335,"TS.CI1","","","","","","","","","",180.3,148.68,901,30.03
"TS","CI2","","",74.81,"","",0,"","",0,"TS.CI2","","","","","","","","","","","","",""
"TS","IC1","","",350,314,600,314,1000,220,2700,"TS.IC1","","","","","","","","","",353.93,258.17,3247,108.23
"TS","NC1","","",335.55,"","",0,180,250,11630,"TS.NC1","","","","","",330,330,400,57.14,231.6,244.01,2583,86.1
"TS","NC2","","",74.81,10,399,10,"","",0,"TS.NC2","","","","","","","","","","","","",""
"TSH","AI1","","",39944.23,10,39900,1516,3,31600,684,"TSH.AI1",39900,39900,39900,39900,13,39929.17,39967.02,285,40.71,39314.66,39144.81,1426,47.53
"TSH","CI1","","",32500,138,40000,707,16,32500,75,"TSH.CI1",40000,32500,40000,32500,7,37187.5,38593.75,16,2.29,37903.95,38722.63,380,12.67
"TSH","CI2","","",60000,5,50000,5,"","",0,"TSH.CI2","","","","","","","","","","","","",""
"TSH","IC1","","",39800,8,39800,197,61,32000,216,"TSH.IC1",40000,32000,40000,32000,102,37200,38425.81,341,48.71,37366.96,38622.46,1376,45.87
"TSH","NC1","","",29100,134,37000,692,13,29100,432,"TSH.NC1",37900,29000,38000,29000,20,35762.5,32286.52,319,45.57,34198.15,33523.64,2005,66.83
"TSH","NC2","","",40000,"","",0,10,31300,10,"TSH.NC2","","","","","","","","","","","","",""
"TUB","AI1","","",349,5164,349,10605,9978,142,9978,"TUB.AI1","","","","","",303.44,324.94,4123,589,317.15,326.11,13423,447.43
"TUB","CI1","","",200,2940,280,13466,3920,200,3920,"TUB.CI1","","","","","",240,266.67,240,34.29,255.85,264.65,5687,189.57
"TUB","CI2","","",270,48,270,246,"","",0,"TUB.CI2","","","","","","","","","",270,270,100,3.33
"TUB","IC1","","",349,160,279,32110,200,200,26629,"TUB.IC1","","","","","","","","","",315.92,331,6858,228.6
"TUB","NC1","","",296.2,130,338,7335,1000,240,29550,"TUB.NC1","","","","","",294,298.4,400,57.14,243.88,281.22,12223,407.43
"TUB","NC2","","",179,160,185,1144,"","",0,"TUB.NC2","","","","","","","","","",173.75,175.25,400,13.33
"UTS","AI1",3500,"",9564,199,9960,1381,4,7500,1986,"UTS.AI1","","","","","",7621,8439.65,172,24.57,8817,8599.91,846,28.2
"UTS","CI1",3500,"",7010,21,8880,969,9,7010,386,"UTS.CI1",7010,7010,7010,7010,1,8455.83,8909.59,49,7,8788.24,9491.93,805,26.83
"UTS","CI2","","",5400,"","",0,40,7500,40,"UTS.CI2","","","","","","","","","","","","",""
"UTS","IC1",3500,"",9870,7,9860,243,10,7010,1487,"UTS.IC1",9870,9870,9870,9870,28,9486.67,9449.7,101,14.43,9859.09,9741.55,329,10.97
"UTS","NC1",3500,"",6020,10,7990,1823,8,6020,1554,"UTS.NC1",6020,6020,6020,6020,2,6710,6878.06,170,24.29,7623.97,8104.65,1375,45.83
"UTS","NC2","","",7500,"","",0,15,7500,15,"UTS.NC2","","","","","",7500,7500,5,0.71,7500,7500,5,0.17
"VCB","AI1","","",799000,1,790000,3,"","",0,"VCB.AI1","","","","","","","","","","","","",""
"VCB","CI1","","",850000,1,800000,4,"","",0,"VCB.CI1","","","","","","","","","","","","",""
"VCB","CI2","","",350872.81,"","",0,"","",0,"VCB.CI2","","","","","","","","","","","","",""
"VCB","IC1","","",790000,1,889000,5,1,490000,1,"VCB.IC1","","","","","","","","","","","","",""
"VCB","NC1","","",839000,2,835000,5,"","",0,"VCB.NC1","","","","","","","","","","","","",""
"VCB","NC2","","",350872.81,"","",0,"","",0,"VCB.NC2","","","","","","","","","","","","",""
"VEG","AI1",88,"",346,295,491,39722,1984,346,51218,"VEG.AI1","","","","","",473.38,488.21,3712,530.29,438.61,429.17,21822,727.4
"VEG","CI1",88,"",473,10,540,19912,682,473,19748,"VEG.CI1",548,472,550,471,3201,512.17,522.42,11497,1642.43,531.73,522.07,34280,1142.67
"VEG","CI2","","",430,100,440,200,"","",0,"VEG.CI2","","","","","","","","","",430,430,100,3.33
"VEG","IC1",88,"",479,20,478,23295,30,450,34294,"VEG.IC1",445,450,480,410,6348,443.29,451.69,29170,4167.14,427.06,426.87,128527,4284.23
"VEG","NC1",88,"",499.37,600,1000,1600,1997,406,14699,"VEG.NC1",480,500,500,406,1446,462.29,486.63,5328,761.14,460.31,446.36,23736,791.2
"VEG","NC2","","",370,1780,370,3054,427,300,427,"VEG.NC2",370,370,370,370,220,335,333.48,460,65.71,367.6,365.57,1287,42.9
"VF","AI1","","",19.9,228700,19.9,2302133,95000,15,95000,"VF.AI1","","","","","","","","","",19.9,19.9,1300,43.33
"VF","CI1","","",16.93,20000,19,48662,86000,15.4,266223,"VF.CI1","","","","","","","","","",15.3,15.28,35777,1192.57
"VF","CI2","","",16.14,18763,24,18763,"","",0,"VF.CI2","","","","","","","","","","","","",""
"VF","IC1","","",25,33586,25,340849,1000,15.2,40190,"VF.IC1","","","","","",25,25,2000,285.71,18.5,17.07,202810,6760.33
"VF","NC1","","",15.2,57376,18.6,725835,14702,15.2,114702,"VF.NC1","","","","","",18,18,10000,1428.57,16.5,16.58,19000,633.33
"VF","NC2","","",24,90000,24,90000,"","",0,"VF.NC2","","","","","","","","","","","","",""
"VFT","AI1","","",2600000,1,2600000,1,"","",0,"VFT.AI1","","","","","","","","","","","","",""
"VFT","CI1","","",2600000,1,2500000,1,"","",0,"VFT.CI1","","","","","","","","","","","","",""
"VFT","CI2","","",1029499.44,"","",0,"","",0,"VFT.CI2","","","","","","","","","","","","",""
"VFT","IC1","","",1029499.44,"","",0,"","",0,"VFT.IC1","","","","","","","","","","","","",""
"VFT","NC1","","",2400000,"","",0,"","",0,"VFT.NC1","","","","","","","","","","","","",""
"VFT","NC2","","",1029499.44,"","",0,"","",0,"VFT.NC2","","","","","","","","","","","","",""
"VG","AI1","","",2990,51,2990,383,40,2260,2246,"VG.AI1",2980,2990,2990,2980,44,2748.75,2735.09,422,60.29,2840,2837.02,2664,88.8
"VG","CI1","","",2840,108,2840,2842,15,1990,615,"VG.CI1",2840,2840,2840,2840,8,2835.83,2830.26,266,38,2753.66,2530.55,3424,114.13
"VG","CI2","","",2200,50,3000,60,"","",0,"VG.CI2","","","","","","","","","",2195,2195.26,190,6.33
"VG","IC1","","",2170,20,2170,4514,1,1740,2163,"VG.IC1",2190,2190,2190,2190,216,2193.57,2186.45,468,66.86,2299.08,2326.82,4765,158.83
"VG","NC1","","",2750,19,2750,2077,831,2200,1731,"VG.NC1",2750,2750,2750,2750,4,2675,2632.6,481,68.71,2752.59,2704.5,3010,100.33
"VG","NC2","","",2453.95,177,2500,177,10,1800,10,"VG.NC2","","","","","","","","","",2450,2457.5,40,1.33
"VIT","AI1","","",1060,171,1060,9258,200,600,1088,"VIT.AI1","","","","","",1060,1060,211,30.14,977.92,936.98,874,29.13
"VIT","CI1","","",785,14053,785,14053,244,700,744,"VIT.CI1",785,785,785,785,71,785,785,2264,323.43,774.85,778.93,4422,147.4
"VIT","CI2","","",324.66,"","",0,"","",0,"VIT.CI2","","","","","","","","","","","","",""
"VIT","IC1","","",990,206,990,207,65,610,390,"VIT.IC1",990,990,990,990,65,990,990,169,24.14,921.75,867.39,820,27.33
"VIT","NC1","","",930,389,930,801,"","",0,"VIT.NC1","","","","","",930,930,61,8.71,840.74,790.76,1360,45.33
"VIT","NC2","","",740,"","",0,"","",0,"VIT.NC2","","","","","","","","","","","","",""
"VOE","AI1","","",5400000,"","",0,"","",0,"VOE.AI1","","","","","","","","","","","","",""
"VOE","CI1","","",2949036.25,1,5800000,2,"","",0,"VOE.CI1","","","","","","","","","","","","",""
"VOE","CI2","","",2949036.25,"","",0,"","",0,"VOE.CI2","","","","","","","","","","","","",""
"VOE","IC1","","",2949036.25,"","",0,"","",0,"VOE.IC1","","","","","","","","","","","","",""
"VOE","NC1","","",5000000,"","",0,"","",0,"VOE.NC1","","","","","","","","","","","","",""
"VOE","NC2","","",2949036.25,"","",0,"","",0,"VOE.NC2","","","","","","","","","","","","",""
"VOR","AI1","","",2553164.5,1,8000000,1,"","",0,"VOR.AI1","","","","","","","","","","","","",""
"VOR","CI1","","",2553164.5,"","",0,"","",0,"VOR.CI1","","","","","","","","","","","","",""
"VOR","CI2","","",2553164.5,"","",0,"","",0,"VOR.CI2","","","","","","","","","","","","",""
"VOR","IC1","","",2553164.5,"","",0,"","",0,"VOR.IC1","","","","","","","","","","","","",""
"VOR","NC1","","",2553164.5,"","",0,"","",0,"VOR.NC1","","","","","","","","","","","","",""
"VOR","NC2","","",2553164.5,"","",0,"","",0,"VOR.NC2","","","","","","","","","","","","",""
"VSC","AI1","","",46900,2,46900,4,"","",0,"VSC.AI1","","","","","","","","","",46900,46900,2,0.07
"VSC","CI1","","",50000,2,54900,3,"","",0,"VSC.CI1","","","","","","","","","","","","",""
"VSC","CI2","","",15937.35,"","",0,"","",0,"VSC.CI2","","","","","","","","","","","","",""
"VSC","IC1","","",40000,1,45000,2,"","",0,"VSC.IC1","","","","","","","","","","","","",""
"VSC","NC1","","",54800,1,50000,13,"","",0,"VSC.NC1","","","","","","","","","","","","",""
"VSC","NC2","","",15937.35,"","",0,"","",0,"VSC.NC2","","","","","","","","","","","","",""
"W","AI1","","",15100,20,14000,5884,500,10000,12642,"W.AI1",15100,15100,15100,15100,49,14825,13810.21,3270,467.14,14745,13855.16,4083,136.1
"W","CI1","","",15400,13,15400,2876,41,14000,41,"W.CI1","","","","","",15175,15346.05,76,10.86,15152.08,15475.53,2219,73.97
"W","CI2","","",6250.14,50,16000,50,"","",0,"W.CI2","","","","","","","","","","","","",""
"W","IC1","","",15000,44,15000,2541,5,4000,15,"W.IC1",15000,15000,15000,15000,6,14500,14315.79,19,2.71,13750,12259.67,672,22.4
"W","NC1","","",14900,2,14600,3934,84,13200,980,"W.NC1",14900,14900,14900,14900,99,14910,14986.14,498,71.14,15323.61,15181.12,1022,34.07
"W","NC2","","",8000,"","",0,"","",0,"W.NC2","","","","","","","","","","","","",""
"WAI","AI1","","",93800,4,93800,1014,20,89100,397,"WAI.AI1",93800,93800,93800,93800,52,92210,92744.69,593,84.71,92813.64,93213.49,1713,57.1
"WAI","CI1","","",96800,2,96700,216,20,93000,121,"WAI.CI1",96800,96800,96800,96800,4,94710,94326.61,109,15.57,93922.62,93644.13,537,17.9
"WAI","CI2","","",100000,37,100000,248,"","",0,"WAI.CI2","","","","","","","","","","","","",""
"WAI","IC1","","",90000,35,90000,242,50,86000,200151,"WAI.IC1","","","","","",88166.67,88140.35,171,24.43,88821.67,88275.72,626,20.87
"WAI","NC1","","",92600,149,92600,826,30,89600,150,"WAI.NC1",92600,92600,92600,92600,19,91300,91411.43,35,5,92000,92272.73,187,6.23
"WAI","NC2","","",51930.23,"","",0,"","",0,"WAI.NC2","","","","","","","","","","","","",""
"WAL","AI1","","",7900,328,7870,5366,970,6520,3170,"WAL.AI1","","","","","",7895,7892.44,164,23.43,7663.33,7823.82,408,13.6
"WAL","CI1","","",6210,126,7280,299,158,6200,955,"WAL.CI1","","","","","",6210,6210,177,25.29,6318.75,6436.36,957,31.9
"WAL","CI2","","",2800.33,"","",0,"","",0,"WAL.CI2","","","","","","","","","","","","",""
"WAL","IC1","","",2500,270,7200,312,10,4500,30,"WAL.IC1","","","","","","","","","",3250,3250,20,0.67
"WAL","NC1","","",6900,6,6900,4835,597,5810,797,"WAL.NC1","","","","","",6378.33,6199.55,375,53.57,6312.86,6065.75,3062,102.07
"WAL","NC2","","",2800.33,"","",0,"","",0,"WAL.NC2","","","","","","","","","","","","",""
"WCB","AI1","","",402000,5,830000,44,1,401000,1,"WCB.AI1","","","","","",402000,402000,1,0.14,618500,618500,2,0.07
"WCB","CI1","","",899000,2,898000,6,1,350000,1,"WCB.CI1","","","","","",899000,899000,1,0.14,906000,906000,3,0.1
"WCB","CI2","","",347832.94,"","",0,"","",0,"WCB.CI2","","","","","","","","","","","","",""
"WCB","IC1","","",782653.06,1,820000,7,1,513000,4,"WCB.IC1","","","","","","","","","",790000,790000,2,0.07
"WCB","NC1","","",846000,3,840000,23,1,350000,4,"WCB.NC1","","","","","",846000,846000,1,0.14,846250,846500,4,0.13
"WCB","NC2","","",347832.94,"","",0,"","",0,"WCB.NC2","","","","","","","","","","","","",""
"WIN","AI1","","",9790,84,9790,3137,100,8600,3926,"WIN.AI1",9880,9880,9880,8600,191,9731.79,9568.65,696,99.43,9821.79,9670.03,2430,81
"WIN","CI1","","",10000,26,10000,1818,20,7750,2523,"WIN.CI1",10000,10000,10000,10000,58,10100,10030.56,72,10.29,10184.21,10258.72,258,8.6
"WIN","CI2","","",12000,45,12000,58,"","",0,"WIN.CI2","","","","","","","","","",12000,12000,15,0.5
"WIN","IC1","","",9000,99,9000,829,1930,7500,6205,"WIN.IC1",8480,9000,9000,7500,373,8352.5,8334.3,914,130.57,8704.66,8447.56,3201,106.7
"WIN","NC1","","",9700,14,9700,6356,25,8150,3011,"WIN.NC1",9550,9720,9730,9550,147,9543.57,9496.84,358,51.14,9665.45,9613.1,2603,86.77
"WIN","NC2","","",6480,20,10000,20,"","",0,"WIN.NC2","","","","","","","","","","","","",""
"WM","AI1","","",13000,250,13000,299,21,11000,30,"WM.AI1","","","","","","","","","",13000,13000,4,0.13
"WM","CI1","","",12700,8,12700,97,"","",0,"WM.CI1","","","","","","","","","",10850,10340,10,0.33
"WM","CI2","","",6821.51,"","",0,"","",0,"WM.CI2","","","","","","","","","","","","",""
"WM","IC1","","",18000,"","",0,100,11500,101,"WM.IC1","","","","","",18000,18000,2,0.29,17500,17666.67,3,0.1
"WM","NC1","","",11000,130,15000,140,53,11000,163,"WM.NC1","","","","","","","","","",13760,13658.14,86,2.87
"WM","NC2","","",6821.51,"","",0,"","",0,"WM.NC2","","","","","","","","","","","","",""
"WOR","AI1","","",215000,11,330000,16,"","",0,"WOR.AI1","","","","","","","","","","","","",""
"WOR","CI1","","",200000,3,250000,9,8,200000,8,"WOR.CI1","","","","","","","","","",200000,200000,11,0.37
"WOR","CI2","","",83894.73,1,200000,1,"","",0,"WOR.CI2","","","","","","","","","","","","",""
"WOR","IC1","","",150000,"","",0,"","",0,"WOR.IC1","","","","","","","","","","","","",""
"WOR","NC1","","",200000,"","",0,"","",0,"WOR.NC1","","","","","","","","","","","","",""
"WOR","NC2","","",83894.73,"","",0,"","",0,"WOR.NC2","","","","","","","","","","","","",""
"WR","AI1",140000,"",190000,10,155000,18,5,150000,110,"WR.AI1","","","","","","","","","","","","",""
"WR","CI1",140000,"",150000,2,159000,3,100,140000,100,"WR.CI1","","","","","","","","","",145000,143333.33,3,0.1
"WR","CI2","","",78235.62,"","",0,"","",0,"WR.CI2","","","","","","","","","","","","",""
"WR","IC1",140000,"",155000,"","",0,2,155000,102,"WR.IC1","","","","","","","","","",155000,155000,3,0.1
"WR","NC1",140000,"",150000,1,160000,1,100,140000,100,"WR.NC1","","","","","","","","","",150000,150000,2,0.07
"WR","NC2","","",78235.62,"","",0,"","",0,"WR.NC2","","","","","","","","","","","","",""
"WRH","AI1","","",12500,959,12500,2728,71,1150,81,"WRH.AI1","","","","","",11716.67,8290.33,393,56.14,8195.45,7356.16,1006,33.53
"WRH","CI1","","",9850,29,9850,2971,453,7000,453,"WRH.CI1","","","","","",9850,9850,1,0.14,9646.88,9687.4,131,4.37
"WRH","CI2","","",3393.95,"","",0,"","",0,"WRH.CI2","","","","","","","","","","","","",""
"WRH","IC1","","",9400,55,9400,880,5,1300,55,"WRH.IC1",9400,9400,9400,9400,20,9400,9400,61,8.71,8545.38,9125.71,226,7.53
"WRH","NC1","","",9950,299,9950,2774,10,5010,50,"WRH.NC1","","","","","",9950,9950,111,15.86,9588.64,9560.03,399,13.3
"WRH","NC2","","",3393.95,"","",0,"","",0,"WRH.NC2","","","","","","","","","","","","",""
"WS","AI1","","",4500,10,4500,2940,"","",0,"WS.AI1",4500,4500,4500,4500,10,5067,5017.3,37,5.29,5095,5075.41,218,7.27
"WS","CI1","","",5650,50,5630,471,50,3400,224,"WS.CI1","","","","","",5650,5650,7,1,5681.11,5673.45,29,0.97
"WS","CI2","","",6000,60,5200,64,"","",0,"WS.CI2","","","","","","","","","","","","",""
"WS","IC1","","",5193.75,86,5220,530,5,5000,118,"WS.IC1",5190,5200,5200,5190,7,5191,5190.29,34,4.86,5161.88,5172.88,222,7.4
"WS","NC1","","",5000,625,5000,3125,26,4300,691,"WS.NC1","","","","","",4891.67,4560.48,167,23.86,4947.26,4558.21,491,16.37
"WS","NC2","","",2599.57,20,5000,166,"","",0,"WS.NC2","","","","","","","","","","","","",""
"ZIR","AI1","","",450,1926,450,23883,2000,300,11644,"ZIR.AI1","","","","","",524.75,649.45,1460,208.57,437.45,443.03,12226,407.53
"ZIR","CI1","","",460,1068,579,11006,997,460,2506,"ZIR.CI1","","","","","",460,460,3,0.43,537.14,552.86,409,13.63
"ZIR","CI2","","",117.55,552,800,552,"","",0,"ZIR.CI2","","","","","","","","","","","","",""
"ZIR","IC1","","",635,72,635,9528,25,400,4075,"ZIR.IC1","","","","","",635,635,99,14.14,614.25,622.61,2976,99.2
"ZIR","NC1","","",700,1064,700,22287,3169,450,8669,"ZIR.NC1",700,700,700,700,82,700,700,624,89.14,669.98,584.61,6183,206.1
"ZIR","NC2","","",648,20,780,20,200,416,200,"ZIR.NC2","","","","","","","","","","","","",""
"ZR","AI1","","",15800,20,15800,1962,5,14000,20,"ZR.AI1","","","","","",15800,15800,5,0.71,14900,14642.22,45,1.5
"ZR","CI1","","",13000,16,16800,917,48,13000,48,"ZR.CI1","","","","","",13000,13000,2,0.29,13407.14,13885.85,410,13.67
"ZR","CI2","","",7683.92,"","",0,"","",0,"ZR.CI2","","","","","","","","","","","","",""
"ZR","IC1","","",15900,70,15900,588,9,13000,9,"ZR.IC1","","","","","",15900,15900,10,1.43,14966.67,14068.97,87,2.9
"ZR","NC1","","",14100,15,14100,1051,70,9000,180,"ZR.NC1","","","","","","","","","",13106.82,12493.19,529,17.63
"ZR","NC2","","",15200,10,35000,10,10,12300,10,"ZR.NC2","","","","","","","","","","","","",""